Timestamp,Composite_Stress_Score,Optical_BPM,Blink_BPM,AU4_Corrugator_Z_Score,AU23_Orbicularis_Oris_Z_Score,Detected_Anomalies
10:51:24.861,1.48,82,18,-0.7,-0.27,COGNITIVE RIGIDITY
10:51:24.893,2.83,82,18,-0.73,-0.27,COGNITIVE RIGIDITY
10:51:24.923,4.06,82,18,-0.74,-0.27,COGNITIVE RIGIDITY
10:51:24.959,5.17,82,18,-0.74,-0.31,COGNITIVE RIGIDITY
10:51:24.990,6.18,82,18,-0.73,-0.33,COGNITIVE RIGIDITY
10:51:25.022,7.11,82,17,-0.71,-0.38,COGNITIVE RIGIDITY
10:51:25.055,7.96,82,17,-0.68,-0.44,COGNITIVE RIGIDITY
10:51:25.087,8.71,82,17,-0.65,-0.45,COGNITIVE RIGIDITY
10:51:25.118,9.38,82,17,-0.62,-0.46,COGNITIVE RIGIDITY
10:51:25.154,9.98,82,17,-0.62,-0.45,COGNITIVE RIGIDITY
10:51:25.192,10.54,82,17,-0.65,-0.47,COGNITIVE RIGIDITY
10:51:25.226,11.07,82,17,-0.66,-0.51,COGNITIVE RIGIDITY
10:51:25.262,11.55,82,17,-0.65,-0.52,COGNITIVE RIGIDITY
10:51:25.293,11.98,82,17,-0.65,-0.52,COGNITIVE RIGIDITY
10:51:25.327,12.36,85,17,-0.65,-0.51,COGNITIVE RIGIDITY
10:51:25.357,12.65,85,17,-0.62,-0.43,COGNITIVE RIGIDITY
10:51:25.390,12.88,85,17,-0.59,-0.4,COGNITIVE RIGIDITY
10:51:25.421,13.07,85,16,-0.58,-0.39,COGNITIVE RIGIDITY
10:51:25.460,13.25,85,16,-0.56,-0.4,COGNITIVE RIGIDITY
10:51:25.491,13.36,85,16,-0.53,-0.36,COGNITIVE RIGIDITY
10:51:25.520,13.44,85,16,-0.51,-0.33,COGNITIVE RIGIDITY
10:51:25.547,13.46,85,16,-0.5,-0.22,COGNITIVE RIGIDITY
10:51:25.588,13.47,85,16,-0.48,-0.25,COGNITIVE RIGIDITY
10:51:25.620,13.5,85,16,-0.46,-0.29,COGNITIVE RIGIDITY
10:51:25.653,13.54,85,16,-0.43,-0.35,COGNITIVE RIGIDITY
10:51:25.684,13.61,85,16,-0.44,-0.4,COGNITIVE RIGIDITY
10:51:25.715,13.66,85,16,-0.44,-0.38,COGNITIVE RIGIDITY
10:51:25.748,13.64,85,16,-0.41,-0.29,COGNITIVE RIGIDITY
10:51:25.780,13.62,85,16,-0.4,-0.28,COGNITIVE RIGIDITY
10:51:25.811,13.59,85,16,-0.39,-0.29,COGNITIVE RIGIDITY
10:51:25.856,13.59,79,15,-0.44,-0.27,COGNITIVE RIGIDITY
10:51:25.911,13.6,79,15,-0.48,-0.27,COGNITIVE RIGIDITY
10:51:25.964,13.66,79,15,-0.55,-0.29,COGNITIVE RIGIDITY
10:51:26.004,13.8,79,15,-0.66,-0.34,COGNITIVE RIGIDITY
10:51:26.034,13.96,79,15,-0.72,-0.36,COGNITIVE RIGIDITY
10:51:26.054,14.14,79,15,-0.78,-0.38,COGNITIVE RIGIDITY
10:51:26.080,14.3,79,15,-0.78,-0.37,COGNITIVE RIGIDITY
10:51:26.105,14.48,79,15,-0.77,-0.44,COGNITIVE RIGIDITY
10:51:26.130,14.69,79,15,-0.83,-0.49,COGNITIVE RIGIDITY
10:51:26.153,14.92,79,15,-0.87,-0.53,COGNITIVE RIGIDITY
10:51:26.181,15.15,79,15,-0.93,-0.53,COGNITIVE RIGIDITY
10:51:26.211,15.39,79,15,-0.99,-0.52,COGNITIVE RIGIDITY
10:51:26.245,15.57,79,15,-0.99,-0.44,COGNITIVE RIGIDITY
10:51:26.282,15.63,79,15,-0.85,-0.39,COGNITIVE RIGIDITY
10:51:26.319,15.58,79,15,-0.7,-0.33,COGNITIVE RIGIDITY
10:51:26.349,15.47,79,14,-0.6,-0.28,COGNITIVE RIGIDITY
10:51:26.394,15.29,81,14,-0.45,-0.29,COGNITIVE RIGIDITY
10:51:26.431,15.04,81,14,-0.29,-0.27,COGNITIVE RIGIDITY
10:51:26.472,14.76,81,14,-0.18,-0.25,COGNITIVE RIGIDITY
10:51:26.499,14.45,81,14,-0.11,-0.23,COGNITIVE RIGIDITY
10:51:26.535,14.17,81,14,-0.06,-0.27,COGNITIVE RIGIDITY
10:51:26.567,13.91,81,14,-0.0,-0.31,COGNITIVE RIGIDITY
10:51:26.605,13.66,81,14,0.05,-0.34,COGNITIVE RIGIDITY
10:51:26.639,13.45,81,14,0.09,-0.38,COGNITIVE RIGIDITY
10:51:26.672,13.21,81,14,0.19,-0.42,COGNITIVE RIGIDITY
10:51:26.705,12.97,81,14,0.28,-0.43,COGNITIVE RIGIDITY
10:51:26.737,12.72,81,14,0.34,-0.43,COGNITIVE RIGIDITY
10:51:26.769,12.47,81,14,0.39,-0.45,COGNITIVE RIGIDITY
10:51:26.803,12.24,81,14,0.42,-0.46,COGNITIVE RIGIDITY
10:51:26.842,12.04,81,14,0.44,-0.48,COGNITIVE RIGIDITY
10:51:26.872,11.86,81,14,0.45,-0.5,COGNITIVE RIGIDITY
10:51:26.906,11.7,83,13,0.44,-0.49,COGNITIVE RIGIDITY
10:51:26.934,11.56,83,13,0.44,-0.49,COGNITIVE RIGIDITY
10:51:26.961,11.43,83,13,0.44,-0.5,COGNITIVE RIGIDITY
10:51:26.990,11.31,83,13,0.45,-0.5,COGNITIVE RIGIDITY
10:51:27.020,11.22,83,13,0.44,-0.51,COGNITIVE RIGIDITY
10:51:27.050,11.14,83,13,0.42,-0.52,COGNITIVE RIGIDITY
10:51:27.080,11.09,83,13,0.41,-0.53,COGNITIVE RIGIDITY
10:51:27.112,11.07,83,13,0.38,-0.55,COGNITIVE RIGIDITY
10:51:27.142,11.04,83,13,0.38,-0.54,COGNITIVE RIGIDITY
10:51:27.184,11.03,83,13,0.36,-0.55,COGNITIVE RIGIDITY
10:51:27.219,11.01,83,13,0.36,-0.52,COGNITIVE RIGIDITY
10:51:27.251,11.0,83,13,0.34,-0.52,COGNITIVE RIGIDITY
10:51:27.283,10.99,83,13,0.34,-0.51,COGNITIVE RIGIDITY
10:51:27.316,10.99,83,13,0.32,-0.52,COGNITIVE RIGIDITY
10:51:27.349,10.99,83,13,0.31,-0.52,COGNITIVE RIGIDITY
10:51:27.381,11.0,83,13,0.3,-0.52,COGNITIVE RIGIDITY
10:51:27.413,11.02,78,13,0.29,-0.53,COGNITIVE RIGIDITY
10:51:27.444,11.05,78,13,0.27,-0.53,COGNITIVE RIGIDITY
10:51:27.477,11.08,78,13,0.26,-0.53,COGNITIVE RIGIDITY
10:51:27.510,11.11,78,13,0.25,-0.53,COGNITIVE RIGIDITY
10:51:27.540,11.15,78,13,0.25,-0.54,COGNITIVE RIGIDITY
10:51:27.588,11.18,78,12,0.25,-0.54,COGNITIVE RIGIDITY
10:51:27.619,11.15,78,12,0.3,-0.47,COGNITIVE RIGIDITY
10:51:27.652,11.07,78,12,0.36,-0.43,COGNITIVE RIGIDITY
10:51:27.685,10.93,78,12,0.43,-0.37,COGNITIVE RIGIDITY
10:51:27.719,10.78,78,12,0.48,-0.37,COGNITIVE RIGIDITY
10:51:27.751,10.67,78,12,0.46,-0.38,COGNITIVE RIGIDITY
10:51:27.785,10.6,78,12,0.41,-0.42,COGNITIVE RIGIDITY
10:51:27.819,10.58,78,12,0.36,-0.44,COGNITIVE RIGIDITY
10:51:27.853,10.62,78,12,0.3,-0.48,COGNITIVE RIGIDITY
10:51:27.886,10.72,78,12,0.2,-0.52,COGNITIVE RIGIDITY
10:51:27.922,12.87,143,12,0.08,-0.53,COGNITIVE RIGIDITY | TACHYCARDIA DETECTED (143 BPM)
10:51:27.948,14.85,143,12,-0.0,-0.54,COGNITIVE RIGIDITY | TACHYCARDIA DETECTED (143 BPM)
10:51:27.992,16.67,143,12,-0.09,-0.5,COGNITIVE RIGIDITY | TACHYCARDIA DETECTED (143 BPM)
10:51:28.030,18.32,143,12,-0.17,-0.47,COGNITIVE RIGIDITY | TACHYCARDIA DETECTED (143 BPM)
10:51:28.060,19.82,143,12,-0.22,-0.45,COGNITIVE RIGIDITY | TACHYCARDIA DETECTED (143 BPM)
10:51:28.091,21.18,143,12,-0.22,-0.45,COGNITIVE RIGIDITY | TACHYCARDIA DETECTED (143 BPM)
10:51:28.126,22.4,143,12,-0.22,-0.45,COGNITIVE RIGIDITY | TACHYCARDIA DETECTED (143 BPM)
10:51:28.154,23.38,143,12,-0.09,-0.36,COGNITIVE RIGIDITY | TACHYCARDIA DETECTED (143 BPM)
10:51:28.190,23.96,143,18,0.42,-0.25,COGNITIVE RIGIDITY | TACHYCARDIA DETECTED (143 BPM)
10:51:28.224,24.27,143,18,0.77,-0.18,COGNITIVE RIGIDITY | TACHYCARDIA DETECTED (143 BPM)
10:51:28.262,24.17,143,18,1.16,0.18,COGNITIVE RIGIDITY | TACHYCARDIA DETECTED (143 BPM)
10:51:28.293,23.84,143,18,1.53,0.31,COGNITIVE RIGIDITY | TACHYCARDIA DETECTED (143 BPM)
10:51:28.333,23.33,143,18,1.87,0.38,COGNITIVE RIGIDITY | TACHYCARDIA DETECTED (143 BPM)
10:51:28.356,22.72,143,17,2.11,0.44,COGNITIVE RIGIDITY | TACHYCARDIA DETECTED (143 BPM)
10:51:28.390,22.11,143,17,2.22,0.46,COGNITIVE RIGIDITY | TACHYCARDIA DETECTED (143 BPM)
10:51:28.423,21.52,138,17,2.3,0.45,COGNITIVE RIGIDITY | TACHYCARDIA DETECTED (138 BPM)
10:51:28.454,20.99,138,17,2.34,0.42,COGNITIVE RIGIDITY | TACHYCARDIA DETECTED (138 BPM)
10:51:28.485,20.53,138,17,2.33,0.39,COGNITIVE RIGIDITY | TACHYCARDIA DETECTED (138 BPM)
10:51:28.515,20.17,138,17,2.3,0.31,COGNITIVE RIGIDITY | TACHYCARDIA DETECTED (138 BPM)
10:51:28.549,19.84,138,17,2.29,0.34,COGNITIVE RIGIDITY | TACHYCARDIA DETECTED (138 BPM)
10:51:28.583,19.56,138,17,2.25,0.35,COGNITIVE RIGIDITY | TACHYCARDIA DETECTED (138 BPM)
10:51:28.624,19.27,138,17,2.18,0.47,COGNITIVE RIGIDITY | TACHYCARDIA DETECTED (138 BPM)
10:51:28.659,19.0,138,17,2.13,0.56,COGNITIVE RIGIDITY | TACHYCARDIA DETECTED (138 BPM)
10:51:28.696,18.72,138,17,2.1,0.66,COGNITIVE RIGIDITY | TACHYCARDIA DETECTED (138 BPM)
10:51:28.727,18.45,138,17,2.08,0.72,COGNITIVE RIGIDITY | TACHYCARDIA DETECTED (138 BPM)
10:51:28.758,18.09,138,17,2.07,0.96,COGNITIVE RIGIDITY | TACHYCARDIA DETECTED (138 BPM)
10:51:28.794,17.7,138,17,2.0,1.15,COGNITIVE RIGIDITY | TACHYCARDIA DETECTED (138 BPM)
10:51:28.826,17.31,138,17,1.96,1.28,COGNITIVE RIGIDITY | TACHYCARDIA DETECTED (138 BPM)
10:51:28.859,17.05,138,17,1.92,1.15,COGNITIVE RIGIDITY | TACHYCARDIA DETECTED (138 BPM)
10:51:28.892,16.99,138,17,1.84,0.87,COGNITIVE RIGIDITY | TACHYCARDIA DETECTED (138 BPM)
10:51:28.923,17.06,138,16,1.79,0.67,COGNITIVE RIGIDITY | TACHYCARDIA DETECTED (138 BPM)
10:51:28.960,17.24,138,16,1.67,0.55,COGNITIVE RIGIDITY | TACHYCARDIA DETECTED (138 BPM)
10:51:28.991,17.49,138,16,1.6,0.46,COGNITIVE RIGIDITY | TACHYCARDIA DETECTED (138 BPM)
10:51:29.026,17.77,138,16,1.55,0.39,COGNITIVE RIGIDITY | TACHYCARDIA DETECTED (138 BPM)
10:51:29.057,18.09,138,16,1.55,0.26,COGNITIVE RIGIDITY | TACHYCARDIA DETECTED (138 BPM)
10:51:29.088,18.45,138,16,1.59,0.07,COGNITIVE RIGIDITY | TACHYCARDIA DETECTED (138 BPM)
10:51:29.123,18.9,138,16,1.51,-0.11,COGNITIVE RIGIDITY | TACHYCARDIA DETECTED (138 BPM)
10:51:29.157,19.39,138,16,1.53,-0.27,POSTURAL AVOIDANCE | TACHYCARDIA DETECTED (138 BPM)
10:51:29.194,19.87,138,16,1.51,-0.36,POSTURAL AVOIDANCE | TACHYCARDIA DETECTED (138 BPM)
10:51:29.228,20.42,138,16,1.4,-0.47,POSTURAL AVOIDANCE | TACHYCARDIA DETECTED (138 BPM)
10:51:29.262,20.95,138,16,1.38,-0.52,POSTURAL AVOIDANCE | TACHYCARDIA DETECTED (138 BPM)
10:51:29.295,21.52,138,16,1.26,-0.59,POSTURAL AVOIDANCE | TACHYCARDIA DETECTED (138 BPM)
10:51:29.326,22.08,138,16,1.22,-0.64,POSTURAL AVOIDANCE | TACHYCARDIA DETECTED (138 BPM)
10:51:29.358,22.62,138,16,1.23,-0.72,POSTURAL AVOIDANCE | TACHYCARDIA DETECTED (138 BPM)
10:51:29.391,23.13,138,16,1.24,-0.78,POSTURAL AVOIDANCE | TACHYCARDIA DETECTED (138 BPM)
10:51:29.426,23.61,138,16,1.22,-0.82,POSTURAL AVOIDANCE | TACHYCARDIA DETECTED (138 BPM)
10:51:29.458,24.07,138,16,1.21,-0.85,POSTURAL AVOIDANCE | TACHYCARDIA DETECTED (138 BPM)
10:51:29.491,24.49,138,16,1.16,-0.82,POSTURAL AVOIDANCE | TACHYCARDIA DETECTED (138 BPM)
10:51:29.523,24.87,138,16,1.13,-0.79,POSTURAL AVOIDANCE | TACHYCARDIA DETECTED (138 BPM)
10:51:29.553,25.3,138,16,1.0,-0.83,POSTURAL AVOIDANCE | TACHYCARDIA DETECTED (138 BPM)
10:51:29.593,25.73,138,15,0.96,-0.88,POSTURAL AVOIDANCE | TACHYCARDIA DETECTED (138 BPM)
10:51:29.627,26.25,138,15,0.78,-0.96,POSTURAL AVOIDANCE | TACHYCARDIA DETECTED (138 BPM)
10:51:29.661,25.78,138,15,0.66,-0.98,TACHYCARDIA DETECTED (138 BPM)
10:51:29.695,25.41,138,15,0.58,-1.0,TACHYCARDIA DETECTED (138 BPM)
10:51:29.725,25.11,138,15,0.53,-1.02,TACHYCARDIA DETECTED (138 BPM)
10:51:29.768,24.85,138,15,0.55,-1.04,TACHYCARDIA DETECTED (138 BPM)
10:51:29.796,24.61,138,15,0.56,-1.05,TACHYCARDIA DETECTED (138 BPM)
10:51:29.828,24.43,138,15,0.53,-1.09,TACHYCARDIA DETECTED (138 BPM)
10:51:29.857,24.36,138,15,0.36,-1.12,TACHYCARDIA DETECTED (138 BPM)
10:51:29.887,24.37,138,15,0.25,-1.14,TACHYCARDIA DETECTED (138 BPM)
10:51:29.921,24.45,138,15,0.1,-1.14,TACHYCARDIA DETECTED (138 BPM)
10:51:29.953,24.61,138,15,-0.06,-1.15,TACHYCARDIA DETECTED (138 BPM)
10:51:29.990,24.8,144,15,-0.17,-1.13,TACHYCARDIA DETECTED (144 BPM)
10:51:30.022,25.04,144,15,-0.3,-1.13,TACHYCARDIA DETECTED (144 BPM)
10:51:30.052,25.26,144,15,-0.32,-1.14,TACHYCARDIA DETECTED (144 BPM)
10:51:30.084,25.46,144,15,-0.31,-1.15,TACHYCARDIA DETECTED (144 BPM)
10:51:30.116,25.44,144,20,0.1,-1.14,TACHYCARDIA DETECTED (144 BPM)
10:51:30.148,25.33,144,20,0.27,-1.14,TACHYCARDIA DETECTED (144 BPM)
10:51:30.179,25.24,144,20,0.25,-1.14,TACHYCARDIA DETECTED (144 BPM)
10:51:30.220,25.16,144,20,0.25,-1.14,TACHYCARDIA DETECTED (144 BPM)
10:51:30.271,25.08,144,20,0.25,-1.13,TACHYCARDIA DETECTED (144 BPM)
10:51:30.325,25.03,144,20,0.21,-1.11,TACHYCARDIA DETECTED (144 BPM)
10:51:30.370,25.0,144,19,0.16,-1.11,TACHYCARDIA DETECTED (144 BPM)
10:51:30.396,25.04,144,19,0.02,-1.1,TACHYCARDIA DETECTED (144 BPM)
10:51:30.419,25.12,144,19,-0.09,-1.06,TACHYCARDIA DETECTED (144 BPM)
10:51:30.452,25.2,144,19,-0.17,-1.03,TACHYCARDIA DETECTED (144 BPM)
10:51:30.479,25.34,144,19,-0.32,-0.99,TACHYCARDIA DETECTED (144 BPM)
10:51:30.507,23.5,54,19,-0.43,-0.96,
10:51:30.535,21.88,54,19,-0.52,-0.95,
10:51:30.563,20.45,54,19,-0.56,-0.94,
10:51:30.589,19.16,54,19,-0.57,-0.94,
10:51:30.621,17.98,54,19,-0.55,-0.93,
10:51:30.650,16.91,54,19,-0.55,-0.91,
10:51:30.682,15.96,54,19,-0.57,-0.9,
10:51:30.714,15.07,54,19,-0.57,-0.84,
10:51:30.748,14.23,54,19,-0.57,-0.77,
10:51:30.790,13.4,54,19,-0.51,-0.66,
10:51:30.838,12.6,54,19,-0.48,-0.61,
10:51:30.883,11.85,54,19,-0.46,-0.57,
10:51:30.914,11.12,54,19,-0.44,-0.47,
10:51:30.956,10.42,54,19,-0.44,-0.38,
10:51:30.989,9.75,54,18,-0.43,-0.32,
10:51:31.034,9.16,53,18,-0.46,-0.3,
10:51:31.068,8.63,53,18,-0.47,-0.3,
10:51:31.099,8.14,53,18,-0.43,-0.33,
10:51:31.128,7.7,53,18,-0.39,-0.35,
10:51:31.157,7.31,53,18,-0.4,-0.37,
10:51:31.189,6.96,53,18,-0.38,-0.38,
10:51:31.217,6.65,53,18,-0.36,-0.4,
10:51:31.248,6.3,53,18,-0.28,-0.36,
10:51:31.274,5.95,53,18,-0.21,-0.34,
10:51:31.300,5.59,53,18,-0.15,-0.32,
10:51:31.329,5.27,53,18,-0.15,-0.33,
10:51:31.358,5.02,53,18,-0.16,-0.38,
10:51:31.385,4.82,53,18,-0.18,-0.44,
10:51:31.416,4.67,53,18,-0.19,-0.47,
10:51:31.449,4.57,53,18,-0.22,-0.5,
10:51:31.480,4.49,53,18,-0.26,-0.5,
10:51:31.510,4.4,53,18,-0.28,-0.45,
10:51:31.544,4.33,54,18,-0.29,-0.44,
10:51:31.589,4.25,54,18,-0.26,-0.45,
10:51:31.624,4.18,54,18,-0.24,-0.46,
10:51:31.652,4.14,54,18,-0.26,-0.49,
10:51:31.684,4.1,54,17,-0.27,-0.49,
10:51:31.718,3.86,54,17,-0.25,-0.09,
10:51:31.750,3.32,54,17,-0.19,0.51,
10:51:31.782,2.46,54,17,-0.08,1.14,
10:51:31.815,1.37,54,17,0.04,1.64,
10:51:31.855,0.16,54,17,0.13,2.03,
10:51:31.888,-1.11,54,17,0.2,2.31,
10:51:31.921,-2.45,54,17,0.26,2.64,
10:51:31.951,-3.8,54,17,0.32,2.86,
10:51:31.996,-5.11,54,17,0.38,3.0,
10:51:32.033,-6.37,54,17,0.43,3.11,
10:51:32.069,-7.56,54,17,0.47,3.17,
10:51:32.100,-8.64,54,17,0.5,3.18,
10:51:32.128,-9.58,54,17,0.51,3.1,
10:51:32.153,-10.4,54,17,0.51,3.04,
10:51:32.182,-10.93,54,17,0.49,2.65,
10:51:32.215,-11.1,54,17,0.44,2.07,
10:51:32.245,-11.0,54,17,0.38,1.65,
10:51:32.278,-10.77,54,17,0.35,1.38,
10:51:32.310,-10.53,54,17,0.48,1.19,
10:51:32.338,-10.26,54,17,0.64,0.93,
10:51:32.390,-9.99,54,17,0.74,0.78,
10:51:32.428,-9.74,54,17,0.8,0.69,
10:51:32.459,-9.53,54,16,0.89,0.63,
10:51:32.496,-9.37,54,16,1.0,0.59,
10:51:32.526,-9.25,54,16,1.08,0.56,
10:51:32.557,-9.15,54,16,1.12,0.53,
10:51:32.593,-9.05,48,16,1.11,0.52,
10:51:32.629,-8.95,48,16,1.1,0.51,
10:51:32.667,-8.74,48,16,1.01,0.35,
10:51:32.701,-8.46,48,16,0.95,0.24,
10:51:32.736,-8.06,48,16,0.83,0.06,
10:51:32.763,-7.59,48,16,0.78,-0.11,
10:51:32.791,-7.05,48,16,0.73,-0.3,
10:51:32.826,-6.45,48,16,0.67,-0.45,
10:51:32.855,-5.85,48,16,0.62,-0.54,
10:51:32.887,-5.26,48,16,0.59,-0.6,
10:51:32.915,-4.7,48,16,0.57,-0.63,
10:51:32.951,-4.17,48,16,0.52,-0.64,
10:51:32.993,-3.6,48,16,0.38,-0.67,
10:51:33.022,-3.06,48,16,0.33,-0.7,
10:51:33.048,-2.54,48,16,0.3,-0.72,
10:51:33.074,-2.06,48,16,0.3,-0.75,
10:51:33.117,-1.6,48,16,0.26,-0.76,
10:51:33.165,-1.17,48,16,0.23,-0.77,
10:51:33.226,-0.79,48,16,0.23,-0.76,
10:51:33.288,-0.47,48,16,0.13,-0.62,
10:51:33.334,-0.19,48,16,0.07,-0.53,
10:51:33.391,0.03,48,12,-0.05,-0.35,
10:51:33.432,0.16,48,12,-0.12,-0.15,
10:51:33.463,0.27,48,12,-0.27,0.01,
10:51:33.486,0.11,48,12,-0.32,0.59,
10:51:33.514,-0.28,48,12,-0.35,1.11,
10:51:33.540,-0.82,48,12,-0.37,1.51,
10:51:33.604,-1.48,48,12,-0.38,1.85,
10:51:33.652,-2.18,53,12,-0.38,2.09,
10:51:33.728,-2.85,53,12,-0.35,2.11,
10:51:33.765,-3.46,53,12,-0.32,2.12,
10:51:33.788,-4.14,53,12,-0.26,2.31,
10:51:33.814,-4.92,53,12,-0.24,2.63,
10:51:33.839,-5.74,53,12,-0.23,2.85,
10:51:33.862,-6.57,53,12,-0.22,3.02,
10:51:33.886,-7.37,53,12,-0.22,3.13,
10:51:33.911,-8.12,53,12,-0.22,3.21,
10:51:33.936,-8.87,53,12,-0.21,3.32,
10:51:33.957,-9.62,53,12,-0.18,3.47,
10:51:33.986,-10.4,53,12,-0.14,3.61,
10:51:34.018,-11.17,53,20,-0.08,3.72,
10:51:34.055,-11.97,53,20,-0.02,3.83,
10:51:34.093,-12.7,53,20,0.01,3.86,
10:51:34.129,-13.38,53,20,0.03,3.87,
10:51:34.166,-13.97,53,20,0.03,3.82,
10:51:34.195,-14.48,53,19,0.03,3.78,
10:51:34.231,-14.91,53,19,0.04,3.73,
10:51:34.255,-15.3,53,19,0.04,3.7,
10:51:34.285,-15.65,53,19,0.05,3.71,
10:51:34.315,-16.0,53,19,0.1,3.74,
10:51:34.344,-16.34,53,19,0.13,3.74,
10:51:34.387,-16.64,53,19,0.2,3.67,
10:51:34.418,-16.82,53,19,0.23,3.46,
10:51:34.451,-16.84,53,19,0.24,3.16,
10:51:34.484,-16.73,53,19,0.27,2.89,
10:51:34.517,-16.47,53,18,0.28,2.55,
10:51:34.552,-15.73,53,18,0.19,1.61,
10:51:34.588,-14.63,53,18,0.07,0.89,
10:51:34.625,-13.42,53,18,-0.04,0.54,
10:51:34.661,-12.54,53,18,-0.12,1.04,
10:51:34.700,-12.12,53,18,-0.16,1.82,
10:51:34.731,-12.0,53,18,-0.18,2.36,
10:51:34.763,-12.1,53,18,-0.12,2.73,
10:51:34.795,-12.3,53,18,-0.09,2.92,
10:51:34.829,-12.45,53,18,-0.08,2.83,
10:51:34.861,-12.55,53,17,-0.07,2.77,
10:51:34.898,-12.16,53,17,-0.08,1.82,
10:51:34.924,-11.47,53,17,-0.1,1.15,
10:51:34.953,-10.62,53,17,-0.11,0.7,
10:51:34.983,-9.85,53,17,-0.06,0.66,
10:51:35.014,-9.41,53,17,-0.01,1.09,
10:51:35.046,-9.2,53,17,0.03,1.43,
10:51:35.079,-8.99,53,17,0.07,1.35,
10:51:35.113,-8.78,53,17,0.07,1.31,
10:51:35.148,-8.57,53,17,0.07,1.27,
10:51:35.189,-8.44,53,17,0.08,1.38,
10:51:35.224,-8.41,53,17,0.09,1.53,
10:51:35.259,-8.49,53,16,0.13,1.72,
10:51:35.291,-8.64,53,16,0.16,1.85,
10:51:35.324,-8.73,53,16,0.19,1.71,
10:51:35.354,-8.77,53,16,0.21,1.62,
10:51:35.388,-8.82,53,16,0.26,1.59,
10:51:35.421,-8.84,53,16,0.29,1.51,
10:51:35.455,-8.83,53,16,0.29,1.45,
10:51:35.487,-8.8,53,16,0.3,1.41,
10:51:35.528,-8.65,53,16,0.27,1.2,
10:51:35.556,-8.44,53,16,0.25,1.05,
10:51:35.594,-8.18,53,16,0.24,0.93,
10:51:35.624,-7.89,53,16,0.27,0.79,
10:51:35.658,-6.55,53,16,0.28,0.62,COGNITIVE RIGIDITY
10:51:35.691,-5.29,53,15,0.23,0.57,COGNITIVE RIGIDITY
10:51:35.724,-4.13,53,15,0.2,0.54,COGNITIVE RIGIDITY
10:51:35.753,-2.99,53,15,0.14,0.4,COGNITIVE RIGIDITY
10:51:35.784,-1.87,53,15,0.09,0.26,COGNITIVE RIGIDITY
10:51:35.813,-0.81,53,15,0.04,0.23,COGNITIVE RIGIDITY
10:51:35.847,0.12,53,15,0.03,0.27,COGNITIVE RIGIDITY
10:51:35.882,0.96,53,15,0.02,0.27,COGNITIVE RIGIDITY
10:51:35.917,1.68,53,15,0.03,0.35,COGNITIVE RIGIDITY
10:51:35.949,2.3,53,15,0.03,0.4,COGNITIVE RIGIDITY
10:51:35.992,2.86,53,15,0.01,0.39,COGNITIVE RIGIDITY
10:51:36.030,3.38,53,15,-0.02,0.42,COGNITIVE RIGIDITY
10:51:36.061,3.85,53,15,-0.05,0.44,COGNITIVE RIGIDITY
10:51:36.093,4.35,53,15,-0.09,0.33,COGNITIVE RIGIDITY
10:51:36.126,4.85,53,15,-0.12,0.25,COGNITIVE RIGIDITY
10:51:36.163,5.38,53,15,-0.15,0.12,COGNITIVE RIGIDITY
10:51:36.197,5.94,53,14,-0.17,-0.02,COGNITIVE RIGIDITY
10:51:36.228,6.49,53,14,-0.19,-0.11,COGNITIVE RIGIDITY
10:51:36.261,7.06,53,14,-0.21,-0.23,COGNITIVE RIGIDITY
10:51:36.296,7.38,53,14,-0.18,0.14,COGNITIVE RIGIDITY
10:51:36.330,7.35,53,14,-0.13,0.71,COGNITIVE RIGIDITY
10:51:36.360,7.04,53,14,-0.08,1.23,COGNITIVE RIGIDITY
10:51:36.397,6.49,53,14,-0.01,1.69,COGNITIVE RIGIDITY
10:51:36.429,5.82,53,14,0.04,2.01,COGNITIVE RIGIDITY
10:51:36.463,5.11,53,14,0.1,2.15,COGNITIVE RIGIDITY
10:51:36.495,4.79,53,14,0.09,1.52,COGNITIVE RIGIDITY
10:51:36.527,4.73,53,14,0.09,1.07,COGNITIVE RIGIDITY
10:51:36.563,4.98,53,14,0.0,0.56,COGNITIVE RIGIDITY
10:51:36.589,5.41,53,14,-0.06,0.2,COGNITIVE RIGIDITY
10:51:36.623,5.98,53,14,-0.12,-0.1,COGNITIVE RIGIDITY
10:51:36.653,6.62,53,14,-0.17,-0.32,COGNITIVE RIGIDITY
10:51:36.688,7.26,53,14,-0.17,-0.43,COGNITIVE RIGIDITY
10:51:36.716,7.87,53,14,-0.17,-0.51,COGNITIVE RIGIDITY
10:51:36.753,8.45,53,14,-0.18,-0.54,COGNITIVE RIGIDITY
10:51:36.794,9.0,53,13,-0.21,-0.59,COGNITIVE RIGIDITY
10:51:36.829,9.54,53,13,-0.24,-0.62,COGNITIVE RIGIDITY
10:51:36.864,10.04,53,13,-0.27,-0.65,COGNITIVE RIGIDITY
10:51:36.901,10.53,53,13,-0.29,-0.69,COGNITIVE RIGIDITY
10:51:36.934,10.99,53,13,-0.3,-0.73,COGNITIVE RIGIDITY
10:51:36.977,11.43,53,13,-0.32,-0.76,COGNITIVE RIGIDITY
10:51:37.009,11.85,53,13,-0.34,-0.79,COGNITIVE RIGIDITY
10:51:37.043,12.23,53,13,-0.33,-0.8,COGNITIVE RIGIDITY
10:51:37.073,12.34,53,13,-0.27,-0.39,COGNITIVE RIGIDITY
10:51:37.095,12.27,53,13,-0.23,-0.1,COGNITIVE RIGIDITY
10:51:37.121,11.9,53,13,-0.13,0.41,COGNITIVE RIGIDITY
10:51:37.150,11.33,53,13,-0.02,0.79,COGNITIVE RIGIDITY
10:51:37.188,10.66,53,13,0.1,0.97,COGNITIVE RIGIDITY
10:51:37.219,9.92,53,13,0.18,1.17,COGNITIVE RIGIDITY
10:51:37.252,9.12,53,13,0.23,1.39,COGNITIVE RIGIDITY
10:51:37.282,8.28,53,13,0.26,1.6,COGNITIVE RIGIDITY
10:51:37.324,7.41,59,13,0.3,1.78,COGNITIVE RIGIDITY
10:51:37.379,6.55,59,13,0.34,1.9,COGNITIVE RIGIDITY
10:51:37.430,5.71,59,13,0.36,2.01,COGNITIVE RIGIDITY
10:51:37.481,5.0,59,12,0.37,1.9,COGNITIVE RIGIDITY
10:51:37.517,4.24,59,12,0.41,2.13,COGNITIVE RIGIDITY
10:51:37.543,3.46,59,12,0.43,2.28,COGNITIVE RIGIDITY
10:51:37.566,2.67,59,12,0.47,2.43,COGNITIVE RIGIDITY
10:51:37.590,1.88,59,12,0.5,2.55,COGNITIVE RIGIDITY
10:51:37.617,1.11,59,12,0.51,2.64,COGNITIVE RIGIDITY
10:51:37.643,0.4,59,12,0.52,2.68,COGNITIVE RIGIDITY
10:51:37.670,-0.26,59,12,0.52,2.71,COGNITIVE RIGIDITY
10:51:37.697,-0.77,59,12,0.52,2.55,COGNITIVE RIGIDITY
10:51:37.722,-0.92,59,12,0.47,1.99,COGNITIVE RIGIDITY
10:51:37.755,-0.65,59,12,0.38,1.27,COGNITIVE RIGIDITY
10:51:37.785,-0.0,59,12,0.22,0.62,COGNITIVE RIGIDITY
10:51:37.815,0.92,59,12,0.0,0.15,COGNITIVE RIGIDITY
10:51:37.845,1.96,59,12,-0.13,-0.14,COGNITIVE RIGIDITY
10:51:37.880,3.06,59,12,-0.24,-0.35,COGNITIVE RIGIDITY
10:51:37.919,3.95,59,12,-0.26,-0.14,COGNITIVE RIGIDITY
10:51:37.956,4.69,59,12,-0.27,-0.0,COGNITIVE RIGIDITY
10:51:37.993,4.96,59,12,-0.22,0.75,COGNITIVE RIGIDITY
10:51:38.029,4.92,59,12,-0.16,1.24,COGNITIVE RIGIDITY
10:51:38.061,4.98,59,12,-0.15,1.04,COGNITIVE RIGIDITY
10:51:38.089,5.1,59,12,-0.14,0.9,COGNITIVE RIGIDITY
10:51:38.124,5.42,59,12,-0.18,0.51,COGNITIVE RIGIDITY
10:51:38.159,5.89,59,12,-0.19,0.17,COGNITIVE RIGIDITY
10:51:38.187,6.43,59,12,-0.2,-0.06,COGNITIVE RIGIDITY
10:51:38.225,6.74,59,11,-0.16,0.26,COGNITIVE RIGIDITY
10:51:38.257,6.74,59,11,-0.04,0.69,COGNITIVE RIGIDITY
10:51:38.296,6.54,59,11,0.05,1.0,COGNITIVE RIGIDITY
10:51:38.329,6.18,59,11,0.13,1.29,COGNITIVE RIGIDITY
10:51:38.362,5.97,59,11,0.17,1.02,COGNITIVE RIGIDITY
10:51:38.394,6.01,59,11,0.13,0.6,COGNITIVE RIGIDITY
10:51:38.423,6.18,59,11,0.1,0.36,COGNITIVE RIGIDITY
10:51:38.459,6.42,59,11,0.03,0.26,COGNITIVE RIGIDITY
10:51:38.490,6.65,59,11,0.0,0.25,COGNITIVE RIGIDITY
10:51:38.519,6.83,59,11,0.02,0.29,COGNITIVE RIGIDITY
10:51:38.549,6.98,59,11,0.04,0.29,COGNITIVE RIGIDITY
10:51:38.579,7.06,59,11,0.06,0.39,COGNITIVE RIGIDITY
10:51:38.612,7.05,59,11,0.11,0.5,COGNITIVE RIGIDITY
10:51:38.644,7.0,59,11,0.14,0.54,COGNITIVE RIGIDITY
10:51:38.674,6.88,59,11,0.18,0.65,COGNITIVE RIGIDITY
10:51:38.707,6.63,59,11,0.21,0.92,COGNITIVE RIGIDITY
10:51:38.748,6.21,59,11,0.25,1.28,COGNITIVE RIGIDITY
10:51:38.809,5.58,59,11,0.29,1.71,COGNITIVE RIGIDITY
10:51:38.866,4.86,59,11,0.32,2.01,COGNITIVE RIGIDITY
10:51:38.920,4.0,59,11,0.38,2.36,COGNITIVE RIGIDITY
10:51:38.959,3.09,59,11,0.42,2.6,COGNITIVE RIGIDITY
10:51:38.988,2.15,59,11,0.45,2.82,COGNITIVE RIGIDITY
10:51:39.014,1.28,59,11,0.48,2.82,COGNITIVE RIGIDITY
10:51:39.037,0.5,59,11,0.5,2.81,COGNITIVE RIGIDITY
10:51:39.063,-0.24,59,11,0.5,2.87,COGNITIVE RIGIDITY
10:51:39.085,-0.95,59,11,0.51,2.95,COGNITIVE RIGIDITY
10:51:39.113,-1.62,59,10,0.52,3.01,COGNITIVE RIGIDITY
10:51:39.136,-2.29,59,10,0.57,3.1,COGNITIVE RIGIDITY
10:51:39.160,-2.94,59,10,0.61,3.15,COGNITIVE RIGIDITY
10:51:39.189,-3.42,59,10,0.63,2.92,COGNITIVE RIGIDITY
10:51:39.217,-3.8,59,10,0.66,2.77,COGNITIVE RIGIDITY
10:51:39.253,-4.09,59,10,0.69,2.66,COGNITIVE RIGIDITY
10:51:39.291,-4.31,59,10,0.67,2.58,COGNITIVE RIGIDITY
10:51:39.326,-4.49,59,10,0.65,2.57,COGNITIVE RIGIDITY
10:51:39.362,-4.69,59,10,0.65,2.65,COGNITIVE RIGIDITY
10:51:39.387,-4.89,59,10,0.64,2.7,COGNITIVE RIGIDITY
10:51:39.422,-5.07,53,10,0.62,2.73,COGNITIVE RIGIDITY
10:51:39.456,-5.24,53,10,0.61,2.75,COGNITIVE RIGIDITY
10:51:39.489,-5.41,53,10,0.59,2.79,COGNITIVE RIGIDITY
10:51:39.519,-5.6,53,10,0.58,2.88,COGNITIVE RIGIDITY
10:51:39.553,-5.69,53,10,0.44,2.86,COGNITIVE RIGIDITY
10:51:39.593,-5.71,53,10,0.38,2.81,COGNITIVE RIGIDITY
10:51:39.629,-5.7,53,10,0.34,2.78,COGNITIVE RIGIDITY
10:51:39.663,-5.65,53,10,0.29,2.75,COGNITIVE RIGIDITY
10:51:39.696,-5.57,53,10,0.25,2.72,COGNITIVE RIGIDITY
10:51:39.736,-5.44,53,10,0.23,2.64,COGNITIVE RIGIDITY
10:51:39.772,-5.29,53,10,0.21,2.58,COGNITIVE RIGIDITY
10:51:39.802,-5.16,53,10,0.19,2.59,COGNITIVE RIGIDITY
10:51:39.827,-5.03,53,10,0.17,2.61,COGNITIVE RIGIDITY
10:51:39.855,-4.99,53,10,0.27,2.65,COGNITIVE RIGIDITY
10:51:39.886,-5.0,53,10,0.33,2.69,COGNITIVE RIGIDITY
10:51:39.916,-5.06,53,10,0.48,2.65,COGNITIVE RIGIDITY
10:51:39.946,-5.17,53,10,0.58,2.65,COGNITIVE RIGIDITY
10:51:39.992,-5.3,53,10,0.65,2.64,COGNITIVE RIGIDITY
10:51:40.024,-5.35,53,10,0.73,2.43,COGNITIVE RIGIDITY
10:51:40.057,-5.3,53,10,0.77,2.2,COGNITIVE RIGIDITY
10:51:40.089,-5.11,53,10,0.81,1.86,COGNITIVE RIGIDITY
10:51:40.120,-4.81,53,10,0.85,1.57,COGNITIVE RIGIDITY
10:51:40.148,-4.51,53,10,0.89,1.48,COGNITIVE RIGIDITY
10:51:40.182,-4.23,53,10,0.92,1.42,COGNITIVE RIGIDITY
10:51:40.218,-3.93,53,9,0.91,1.34,COGNITIVE RIGIDITY
10:51:40.253,-3.67,53,9,0.89,1.38,COGNITIVE RIGIDITY
10:51:40.286,-3.44,53,9,0.87,1.4,COGNITIVE RIGIDITY
10:51:40.314,-3.15,53,9,0.87,1.23,COGNITIVE RIGIDITY
10:51:40.340,-2.81,53,9,0.86,1.09,COGNITIVE RIGIDITY
10:51:40.386,-2.49,53,9,0.87,1.06,COGNITIVE RIGIDITY
10:51:40.420,-2.12,53,9,0.87,0.88,COGNITIVE RIGIDITY
10:51:40.451,-1.71,53,9,0.84,0.77,COGNITIVE RIGIDITY
10:51:40.483,-1.25,53,9,0.81,0.62,COGNITIVE RIGIDITY
10:51:40.517,-0.77,53,9,0.74,0.55,COGNITIVE RIGIDITY
10:51:40.547,-0.34,53,9,0.71,0.58,COGNITIVE RIGIDITY
10:51:40.582,0.09,53,9,0.67,0.54,COGNITIVE RIGIDITY
10:51:40.618,0.47,53,9,0.67,0.54,COGNITIVE RIGIDITY
10:51:40.653,0.82,53,9,0.69,0.51,COGNITIVE RIGIDITY
10:51:40.686,1.09,53,9,0.72,0.58,COGNITIVE RIGIDITY
10:51:40.719,1.15,53,9,0.78,0.88,COGNITIVE RIGIDITY
10:51:40.750,1.08,53,9,0.81,1.1,COGNITIVE RIGIDITY
10:51:40.795,1.0,53,9,0.88,1.06,COGNITIVE RIGIDITY
10:51:40.829,0.93,53,9,0.91,1.03,COGNITIVE RIGIDITY
10:51:40.861,0.86,53,9,0.94,1.02,COGNITIVE RIGIDITY
10:51:40.896,0.64,53,9,0.94,1.32,COGNITIVE RIGIDITY
10:51:40.931,0.35,53,9,0.94,1.53,COGNITIVE RIGIDITY
10:51:40.963,0.04,53,9,0.93,1.6,COGNITIVE RIGIDITY
10:51:40.994,-0.19,53,9,0.96,1.49,COGNITIVE RIGIDITY
10:51:41.029,-0.44,53,9,0.95,1.6,COGNITIVE RIGIDITY
10:51:41.058,-0.72,53,9,0.92,1.71,COGNITIVE RIGIDITY
10:51:41.087,-0.99,53,9,0.91,1.79,COGNITIVE RIGIDITY
10:51:41.122,-1.28,53,9,0.88,1.89,COGNITIVE RIGIDITY
10:51:41.155,-1.53,53,9,0.86,1.89,COGNITIVE RIGIDITY
10:51:41.197,-1.49,53,9,0.75,1.48,COGNITIVE RIGIDITY
10:51:41.221,-1.27,53,9,0.67,1.2,COGNITIVE RIGIDITY
10:51:41.255,-0.77,53,9,0.56,0.69,COGNITIVE RIGIDITY
10:51:41.287,-0.1,53,9,0.53,0.29,COGNITIVE RIGIDITY
10:51:41.318,0.61,53,9,0.56,0.04,COGNITIVE RIGIDITY
10:51:41.348,1.29,53,9,0.58,-0.06,COGNITIVE RIGIDITY
10:51:41.381,1.97,53,9,0.6,-0.21,COGNITIVE RIGIDITY
10:51:41.411,2.57,53,9,0.58,-0.18,COGNITIVE RIGIDITY
10:51:41.443,2.99,53,9,0.58,0.07,COGNITIVE RIGIDITY
10:51:41.476,3.33,53,9,0.57,0.16,COGNITIVE RIGIDITY
10:51:41.507,3.49,53,9,0.55,0.46,COGNITIVE RIGIDITY
10:51:41.543,3.51,53,8,0.54,0.72,COGNITIVE RIGIDITY
10:51:41.596,3.41,53,8,0.53,0.98,COGNITIVE RIGIDITY
10:51:41.639,3.14,53,8,0.57,1.28,COGNITIVE RIGIDITY
10:51:41.676,2.79,53,8,0.6,1.48,COGNITIVE RIGIDITY
10:51:41.714,2.42,53,8,0.6,1.59,COGNITIVE RIGIDITY
10:51:41.746,2.06,53,8,0.57,1.65,COGNITIVE RIGIDITY
10:51:41.785,1.75,53,8,0.56,1.65,COGNITIVE RIGIDITY
10:51:41.825,1.43,53,8,0.58,1.73,COGNITIVE RIGIDITY
10:51:41.866,1.11,53,8,0.63,1.72,COGNITIVE RIGIDITY
10:51:41.903,0.69,53,8,0.72,1.89,COGNITIVE RIGIDITY
10:51:41.933,0.25,53,13,0.74,2.0,COGNITIVE RIGIDITY
10:51:41.959,-0.2,53,13,0.76,2.08,COGNITIVE RIGIDITY
10:51:41.988,-0.64,53,13,0.8,2.12,COGNITIVE RIGIDITY
10:51:42.022,-1.07,53,13,0.86,2.13,COGNITIVE RIGIDITY
10:51:42.052,-1.48,53,12,0.89,2.14,COGNITIVE RIGIDITY
10:51:42.080,-1.93,53,12,0.99,2.22,COGNITIVE RIGIDITY
10:51:42.109,-2.45,53,12,1.1,2.32,COGNITIVE RIGIDITY
10:51:42.140,-2.92,53,12,1.19,2.25,COGNITIVE RIGIDITY
10:51:42.169,-3.36,53,12,1.25,2.2,COGNITIVE RIGIDITY
10:51:42.198,-3.77,53,12,1.3,2.21,COGNITIVE RIGIDITY
10:51:42.227,-4.16,53,12,1.31,2.22,COGNITIVE RIGIDITY
10:51:42.256,-4.52,53,12,1.3,2.25,COGNITIVE RIGIDITY
10:51:42.290,-4.83,53,12,1.27,2.26,COGNITIVE RIGIDITY
10:51:42.321,-5.1,53,12,1.24,2.27,COGNITIVE RIGIDITY
10:51:42.354,-5.43,53,12,1.2,2.49,COGNITIVE RIGIDITY
10:51:42.393,-5.74,53,12,1.16,2.53,COGNITIVE RIGIDITY
10:51:42.431,-6.01,53,12,1.2,2.49,COGNITIVE RIGIDITY
10:51:42.461,-6.25,53,12,1.23,2.45,COGNITIVE RIGIDITY
10:51:42.487,-4.45,107,12,1.27,2.38,COGNITIVE RIGIDITY | TACHYCARDIA DETECTED (107 BPM)
10:51:42.519,-2.79,107,12,1.28,2.28,COGNITIVE RIGIDITY | TACHYCARDIA DETECTED (107 BPM)
10:51:42.551,-1.27,107,12,1.31,2.21,COGNITIVE RIGIDITY | TACHYCARDIA DETECTED (107 BPM)
10:51:42.582,0.16,107,12,1.29,2.11,COGNITIVE RIGIDITY | TACHYCARDIA DETECTED (107 BPM)
10:51:42.611,1.52,107,12,1.19,2.05,COGNITIVE RIGIDITY | TACHYCARDIA DETECTED (107 BPM)
10:51:42.649,2.91,107,12,1.09,1.83,COGNITIVE RIGIDITY | TACHYCARDIA DETECTED (107 BPM)
10:51:42.688,4.27,107,12,1.01,1.68,COGNITIVE RIGIDITY | TACHYCARDIA DETECTED (107 BPM)
10:51:42.723,5.62,107,12,0.93,1.52,COGNITIVE RIGIDITY | TACHYCARDIA DETECTED (107 BPM)
10:51:42.761,6.93,107,12,0.87,1.4,COGNITIVE RIGIDITY | TACHYCARDIA DETECTED (107 BPM)
10:51:42.789,8.09,107,12,0.85,1.45,COGNITIVE RIGIDITY | TACHYCARDIA DETECTED (107 BPM)
10:51:42.821,9.06,107,12,0.82,1.62,COGNITIVE RIGIDITY | TACHYCARDIA DETECTED (107 BPM)
10:51:42.852,9.88,107,12,0.79,1.74,COGNITIVE RIGIDITY | TACHYCARDIA DETECTED (107 BPM)
10:51:42.883,10.61,107,12,0.74,1.84,COGNITIVE RIGIDITY | TACHYCARDIA DETECTED (107 BPM)
10:51:42.916,11.3,107,12,0.68,1.81,COGNITIVE RIGIDITY | TACHYCARDIA DETECTED (107 BPM)
10:51:42.958,11.96,107,12,0.63,1.8,COGNITIVE RIGIDITY | TACHYCARDIA DETECTED (107 BPM)
10:51:43.004,12.57,107,12,0.6,1.79,COGNITIVE RIGIDITY | TACHYCARDIA DETECTED (107 BPM)
10:51:43.060,13.16,107,12,0.55,1.75,COGNITIVE RIGIDITY | TACHYCARDIA DETECTED (107 BPM)
10:51:43.116,13.8,107,12,0.53,1.56,COGNITIVE RIGIDITY | TACHYCARDIA DETECTED (107 BPM)
10:51:43.153,14.4,107,12,0.46,1.58,COGNITIVE RIGIDITY | TACHYCARDIA DETECTED (107 BPM)
10:51:43.194,15.02,107,12,0.45,1.44,COGNITIVE RIGIDITY | TACHYCARDIA DETECTED (107 BPM)
10:51:43.228,15.61,107,9,0.42,1.38,COGNITIVE RIGIDITY | TACHYCARDIA DETECTED (107 BPM)
10:51:43.265,16.23,107,9,0.38,1.25,COGNITIVE RIGIDITY | TACHYCARDIA DETECTED (107 BPM)
10:51:43.291,16.85,107,9,0.35,1.16,COGNITIVE RIGIDITY | TACHYCARDIA DETECTED (107 BPM)
10:51:43.317,17.45,107,9,0.28,1.15,COGNITIVE RIGIDITY | TACHYCARDIA DETECTED (107 BPM)
10:51:43.342,18.03,107,9,0.23,1.14,COGNITIVE RIGIDITY | TACHYCARDIA DETECTED (107 BPM)
10:51:43.365,18.51,107,9,0.18,1.24,COGNITIVE RIGIDITY | TACHYCARDIA DETECTED (107 BPM)
10:51:43.386,18.97,107,9,0.12,1.27,COGNITIVE RIGIDITY | TACHYCARDIA DETECTED (107 BPM)
10:51:43.410,19.39,107,9,0.09,1.28,COGNITIVE RIGIDITY | TACHYCARDIA DETECTED (107 BPM)
10:51:43.434,19.76,107,9,0.11,1.27,COGNITIVE RIGIDITY | TACHYCARDIA DETECTED (107 BPM)
10:51:43.460,20.13,107,8,0.14,1.16,COGNITIVE RIGIDITY | TACHYCARDIA DETECTED (107 BPM)
10:51:43.481,20.49,107,8,0.16,1.09,COGNITIVE RIGIDITY | TACHYCARDIA DETECTED (107 BPM)
10:51:43.511,18.8,78,8,0.18,1.1,COGNITIVE RIGIDITY
10:51:43.540,17.27,78,8,0.2,1.1,COGNITIVE RIGIDITY
10:51:43.599,15.86,78,8,0.22,1.15,COGNITIVE RIGIDITY
10:51:43.644,14.57,78,8,0.24,1.18,COGNITIVE RIGIDITY
10:51:43.703,13.4,78,8,0.27,1.15,COGNITIVE RIGIDITY
10:51:43.749,12.33,78,8,0.34,1.13,COGNITIVE RIGIDITY
10:51:43.815,11.36,78,8,0.35,1.14,COGNITIVE RIGIDITY
10:51:43.864,10.54,78,8,0.37,0.99,COGNITIVE RIGIDITY
10:51:43.920,9.87,78,8,0.35,0.88,COGNITIVE RIGIDITY
10:51:43.950,9.25,78,8,0.34,0.94,COGNITIVE RIGIDITY
10:51:43.978,8.67,78,8,0.33,0.98,COGNITIVE RIGIDITY
10:51:44.002,8.15,78,8,0.33,0.97,COGNITIVE RIGIDITY
10:51:44.035,7.68,77,8,0.39,0.92,COGNITIVE RIGIDITY
10:51:44.062,7.27,77,8,0.44,0.86,COGNITIVE RIGIDITY
10:51:44.091,6.84,77,8,0.46,0.95,COGNITIVE RIGIDITY
10:51:44.121,6.41,77,8,0.48,1.01,COGNITIVE RIGIDITY
10:51:44.149,5.97,77,8,0.5,1.1,COGNITIVE RIGIDITY
10:51:44.180,5.55,77,8,0.5,1.15,COGNITIVE RIGIDITY
10:51:44.214,5.09,77,8,0.51,1.31,COGNITIVE RIGIDITY
10:51:44.246,4.67,77,8,0.52,1.3,COGNITIVE RIGIDITY
10:51:44.278,4.26,77,8,0.55,1.34,COGNITIVE RIGIDITY
10:51:44.306,3.78,77,8,0.56,1.55,COGNITIVE RIGIDITY
10:51:44.340,3.34,77,8,0.55,1.56,COGNITIVE RIGIDITY
10:51:44.407,2.96,77,8,0.54,1.56,COGNITIVE RIGIDITY
10:51:44.463,2.62,77,8,0.52,1.56,COGNITIVE RIGIDITY
10:51:44.514,2.29,77,8,0.54,1.61,COGNITIVE RIGIDITY
10:51:44.559,2.02,76,8,0.58,1.5,COGNITIVE RIGIDITY
10:51:44.588,1.89,76,8,0.65,1.2,COGNITIVE RIGIDITY
10:51:44.619,1.86,76,8,0.7,0.99,COGNITIVE RIGIDITY
10:51:44.649,1.77,76,8,0.75,1.06,COGNITIVE RIGIDITY
10:51:44.676,1.65,76,8,0.78,1.12,COGNITIVE RIGIDITY
10:51:44.705,1.46,76,8,0.81,1.22,COGNITIVE RIGIDITY
10:51:44.733,1.25,76,8,0.81,1.32,COGNITIVE RIGIDITY
10:51:44.756,1.03,76,8,0.81,1.38,COGNITIVE RIGIDITY
10:51:44.786,0.75,76,8,0.78,1.59,COGNITIVE RIGIDITY
10:51:44.815,0.43,76,8,0.75,1.73,COGNITIVE RIGIDITY
10:51:44.845,0.53,76,8,0.66,1.07,COGNITIVE RIGIDITY
10:51:44.871,0.88,76,8,0.59,0.6,COGNITIVE RIGIDITY
10:51:44.903,1.49,76,8,0.45,0.14,COGNITIVE RIGIDITY
10:51:44.931,2.18,76,8,0.37,-0.05,COGNITIVE RIGIDITY
10:51:44.956,2.89,76,8,0.32,-0.19,COGNITIVE RIGIDITY
10:51:44.986,3.53,76,8,0.33,-0.19,COGNITIVE RIGIDITY
10:51:45.020,4.04,76,8,0.4,-0.12,COGNITIVE RIGIDITY
10:51:45.052,4.45,76,8,0.45,-0.09,COGNITIVE RIGIDITY
10:51:45.084,4.83,77,8,0.48,-0.12,COGNITIVE RIGIDITY
10:51:45.116,5.12,77,8,0.5,-0.06,COGNITIVE RIGIDITY
10:51:45.148,5.37,77,18,0.48,0.0,COGNITIVE RIGIDITY
10:51:45.192,5.56,77,18,0.47,0.07,COGNITIVE RIGIDITY
10:51:45.227,5.71,77,18,0.5,0.09,COGNITIVE RIGIDITY
10:51:45.265,5.89,77,17,0.48,0.03,COGNITIVE RIGIDITY
10:51:45.300,6.11,77,17,0.44,-0.06,COGNITIVE RIGIDITY
10:51:45.336,6.35,77,17,0.41,-0.11,COGNITIVE RIGIDITY
10:51:45.372,6.6,77,17,0.4,-0.17,COGNITIVE RIGIDITY
10:51:45.402,6.83,77,17,0.41,-0.19,COGNITIVE RIGIDITY
10:51:45.445,6.98,77,17,0.44,-0.1,COGNITIVE RIGIDITY
10:51:45.469,7.07,77,16,0.46,-0.05,COGNITIVE RIGIDITY
10:51:45.505,7.08,77,16,0.46,0.11,COGNITIVE RIGIDITY
10:51:45.533,7.04,77,16,0.46,0.22,COGNITIVE RIGIDITY
10:51:45.556,6.89,77,16,0.49,0.41,COGNITIVE RIGIDITY
10:51:45.590,6.67,77,16,0.52,0.53,COGNITIVE RIGIDITY
10:51:45.622,6.73,77,16,0.51,0.05,COGNITIVE RIGIDITY
10:51:45.651,7.04,77,16,0.42,-0.39,COGNITIVE RIGIDITY
10:51:45.684,7.52,77,15,0.3,-0.66,COGNITIVE RIGIDITY
10:51:45.714,7.86,77,15,0.22,-0.4,COGNITIVE RIGIDITY
10:51:45.756,7.92,77,15,0.23,0.07,COGNITIVE RIGIDITY
10:51:45.808,7.81,77,15,0.25,0.4,COGNITIVE RIGIDITY
10:51:45.859,7.49,77,15,0.29,0.78,COGNITIVE RIGIDITY
10:51:45.908,7.14,77,15,0.31,0.89,COGNITIVE RIGIDITY
10:51:45.961,6.58,77,14,0.4,1.31,COGNITIVE RIGIDITY
10:51:45.999,5.88,77,14,0.48,1.6,COGNITIVE RIGIDITY
10:51:46.028,5.11,77,14,0.57,1.8,COGNITIVE RIGIDITY
10:51:46.052,4.32,77,14,0.63,1.93,COGNITIVE RIGIDITY
10:51:46.077,3.55,77,14,0.68,2.0,COGNITIVE RIGIDITY
10:51:46.101,2.82,77,14,0.71,2.04,COGNITIVE RIGIDITY
10:51:46.122,2.12,77,14,0.73,2.1,COGNITIVE RIGIDITY
10:51:46.148,1.46,77,14,0.72,2.17,COGNITIVE RIGIDITY
10:51:46.171,0.86,77,14,0.73,2.17,COGNITIVE RIGIDITY
10:51:46.194,0.3,77,14,0.77,2.16,COGNITIVE RIGIDITY
10:51:46.219,-0.23,77,13,0.79,2.21,COGNITIVE RIGIDITY
10:51:46.249,-0.71,77,13,0.81,2.21,COGNITIVE RIGIDITY
10:51:46.277,-1.14,77,13,0.78,2.22,COGNITIVE RIGIDITY
10:51:46.309,-1.52,77,13,0.78,2.21,COGNITIVE RIGIDITY
10:51:46.339,-1.84,77,13,0.74,2.2,COGNITIVE RIGIDITY
10:51:46.400,-2.13,77,13,0.78,2.17,COGNITIVE RIGIDITY
10:51:46.452,-2.39,77,13,0.8,2.15,COGNITIVE RIGIDITY
10:51:46.507,-2.6,77,13,0.8,2.11,COGNITIVE RIGIDITY
10:51:46.559,-2.8,77,12,0.8,2.11,COGNITIVE RIGIDITY
10:51:46.599,-2.94,77,12,0.78,2.08,COGNITIVE RIGIDITY
10:51:46.642,-1.12,165,12,0.76,2.18,COGNITIVE RIGIDITY | TACHYCARDIA DETECTED (165 BPM)
10:51:46.678,0.5,165,12,0.74,2.25,COGNITIVE RIGIDITY | TACHYCARDIA DETECTED (165 BPM)
10:51:46.717,1.94,165,12,0.73,2.28,COGNITIVE RIGIDITY | TACHYCARDIA DETECTED (165 BPM)
10:51:46.757,3.26,165,12,0.71,2.27,COGNITIVE RIGIDITY | TACHYCARDIA DETECTED (165 BPM)
10:51:46.792,4.48,165,12,0.68,2.22,COGNITIVE RIGIDITY | TACHYCARDIA DETECTED (165 BPM)
10:51:46.824,5.6,165,12,0.68,2.19,COGNITIVE RIGIDITY | TACHYCARDIA DETECTED (165 BPM)
10:51:46.858,6.59,165,12,0.7,2.19,COGNITIVE RIGIDITY | TACHYCARDIA DETECTED (165 BPM)
10:51:46.890,7.51,165,12,0.69,2.15,COGNITIVE RIGIDITY | TACHYCARDIA DETECTED (165 BPM)
10:51:46.925,8.47,165,12,0.66,1.91,COGNITIVE RIGIDITY | TACHYCARDIA DETECTED (165 BPM)
10:51:46.953,9.44,165,11,0.64,1.74,COGNITIVE RIGIDITY | TACHYCARDIA DETECTED (165 BPM)
10:51:46.982,10.78,165,11,0.56,0.85,COGNITIVE RIGIDITY | TACHYCARDIA DETECTED (165 BPM)
10:51:47.015,12.29,165,11,0.51,0.33,COGNITIVE RIGIDITY | TACHYCARDIA DETECTED (165 BPM)
10:51:47.048,13.89,165,11,0.43,-0.09,COGNITIVE RIGIDITY | TACHYCARDIA DETECTED (165 BPM)
10:51:47.076,15.47,165,11,0.33,-0.27,COGNITIVE RIGIDITY | TACHYCARDIA DETECTED (165 BPM)
10:51:47.108,16.61,165,11,0.27,0.37,COGNITIVE RIGIDITY | TACHYCARDIA DETECTED (165 BPM)
10:51:47.140,17.09,165,11,0.2,1.52,COGNITIVE RIGIDITY | TACHYCARDIA DETECTED (165 BPM)
10:51:47.206,16.96,165,11,0.16,2.67,COGNITIVE RIGIDITY | TACHYCARDIA DETECTED (165 BPM)
10:51:47.265,16.46,165,11,0.14,3.48,COGNITIVE RIGIDITY | TACHYCARDIA DETECTED (165 BPM)
10:51:47.318,15.73,165,11,0.26,3.92,COGNITIVE RIGIDITY | TACHYCARDIA DETECTED (165 BPM)
10:51:47.369,15.02,165,11,0.33,3.94,COGNITIVE RIGIDITY | TACHYCARDIA DETECTED (165 BPM)
10:51:47.402,14.46,165,10,0.37,3.75,COGNITIVE RIGIDITY | TACHYCARDIA DETECTED (165 BPM)
10:51:47.431,14.14,165,10,0.36,3.39,COGNITIVE RIGIDITY | TACHYCARDIA DETECTED (165 BPM)
10:51:47.454,14.08,165,10,0.35,2.94,COGNITIVE RIGIDITY | TACHYCARDIA DETECTED (165 BPM)
10:51:47.480,14.19,165,10,0.35,2.62,COGNITIVE RIGIDITY | TACHYCARDIA DETECTED (165 BPM)
10:51:47.501,14.42,165,10,0.33,2.36,COGNITIVE RIGIDITY | TACHYCARDIA DETECTED (165 BPM)
10:51:47.525,14.74,165,10,0.31,2.18,COGNITIVE RIGIDITY | TACHYCARDIA DETECTED (165 BPM)
10:51:47.549,15.05,165,10,0.29,2.12,COGNITIVE RIGIDITY | TACHYCARDIA DETECTED (165 BPM)
10:51:47.569,15.37,165,10,0.28,2.08,COGNITIVE RIGIDITY | TACHYCARDIA DETECTED (165 BPM)
10:51:47.594,15.52,165,10,0.29,2.34,COGNITIVE RIGIDITY | TACHYCARDIA DETECTED (165 BPM)
10:51:47.621,15.9,165,10,0.31,1.82,COGNITIVE RIGIDITY | TACHYCARDIA DETECTED (165 BPM)
10:51:47.651,16.62,166,10,0.34,1.05,COGNITIVE RIGIDITY | TACHYCARDIA DETECTED (166 BPM)
10:51:47.683,17.55,166,10,0.36,0.44,COGNITIVE RIGIDITY | TACHYCARDIA DETECTED (166 BPM)
10:51:47.716,18.62,166,10,0.31,0.05,COGNITIVE RIGIDITY | TACHYCARDIA DETECTED (166 BPM)
10:51:47.750,19.79,166,10,0.24,-0.31,COGNITIVE RIGIDITY | TACHYCARDIA DETECTED (166 BPM)
10:51:47.783,20.97,166,10,0.17,-0.5,COGNITIVE RIGIDITY | TACHYCARDIA DETECTED (166 BPM)
10:51:47.819,22.13,166,10,0.14,-0.64,COGNITIVE RIGIDITY | TACHYCARDIA DETECTED (166 BPM)
10:51:47.854,23.24,166,10,0.09,-0.74,COGNITIVE RIGIDITY | TACHYCARDIA DETECTED (166 BPM)
10:51:47.883,24.3,166,10,0.05,-0.82,COGNITIVE RIGIDITY | TACHYCARDIA DETECTED (166 BPM)
10:51:47.920,25.31,166,10,0.02,-0.88,COGNITIVE RIGIDITY | TACHYCARDIA DETECTED (166 BPM)
10:51:47.956,26.26,166,9,-0.02,-0.94,COGNITIVE RIGIDITY | TACHYCARDIA DETECTED (166 BPM)
10:51:47.992,27.14,166,9,-0.06,-0.96,COGNITIVE RIGIDITY | TACHYCARDIA DETECTED (166 BPM)
10:51:48.028,27.95,166,9,-0.07,-0.98,COGNITIVE RIGIDITY | TACHYCARDIA DETECTED (166 BPM)
10:51:48.062,28.7,166,9,-0.08,-1.0,COGNITIVE RIGIDITY | TACHYCARDIA DETECTED (166 BPM)
10:51:48.098,29.36,166,9,-0.04,-1.02,COGNITIVE RIGIDITY | TACHYCARDIA DETECTED (166 BPM)
10:51:48.126,29.94,166,9,-0.01,-1.03,COGNITIVE RIGIDITY | TACHYCARDIA DETECTED (166 BPM)
10:51:48.176,30.45,165,9,0.03,-1.04,COGNITIVE RIGIDITY | TACHYCARDIA DETECTED (165 BPM)
10:51:48.211,30.89,165,9,0.06,-1.04,COGNITIVE RIGIDITY | TACHYCARDIA DETECTED (165 BPM)
10:51:48.239,31.31,165,9,0.04,-1.05,COGNITIVE RIGIDITY | TACHYCARDIA DETECTED (165 BPM)
10:51:48.271,31.72,165,9,0.01,-1.1,COGNITIVE RIGIDITY | TACHYCARDIA DETECTED (165 BPM)
10:51:48.306,32.13,165,9,-0.02,-1.13,COGNITIVE RIGIDITY | TACHYCARDIA DETECTED (165 BPM)
10:51:48.340,32.53,165,9,-0.07,-1.15,COGNITIVE RIGIDITY | TACHYCARDIA DETECTED (165 BPM)
10:51:48.365,32.91,165,9,-0.1,-1.17,COGNITIVE RIGIDITY | TACHYCARDIA DETECTED (165 BPM)
10:51:48.400,33.28,165,9,-0.17,-1.16,COGNITIVE RIGIDITY | TACHYCARDIA DETECTED (165 BPM)
10:51:48.428,33.64,165,9,-0.22,-1.15,COGNITIVE RIGIDITY | TACHYCARDIA DETECTED (165 BPM)
10:51:48.463,33.96,165,9,-0.22,-1.14,COGNITIVE RIGIDITY | TACHYCARDIA DETECTED (165 BPM)
10:51:48.499,34.24,165,9,-0.23,-1.13,COGNITIVE RIGIDITY | TACHYCARDIA DETECTED (165 BPM)
10:51:48.529,34.49,165,9,-0.23,-1.11,COGNITIVE RIGIDITY | TACHYCARDIA DETECTED (165 BPM)
10:51:48.556,34.7,165,9,-0.23,-1.09,COGNITIVE RIGIDITY | TACHYCARDIA DETECTED (165 BPM)
10:51:48.583,34.92,165,9,-0.25,-1.12,COGNITIVE RIGIDITY | TACHYCARDIA DETECTED (165 BPM)
10:51:48.615,35.14,165,8,-0.27,-1.16,COGNITIVE RIGIDITY | TACHYCARDIA DETECTED (165 BPM)
10:51:48.644,35.36,165,8,-0.29,-1.18,COGNITIVE RIGIDITY | TACHYCARDIA DETECTED (165 BPM)
10:51:48.675,35.58,165,8,-0.3,-1.2,COGNITIVE RIGIDITY | TACHYCARDIA DETECTED (165 BPM)
10:51:48.707,35.76,165,8,-0.26,-1.22,COGNITIVE RIGIDITY | TACHYCARDIA DETECTED (165 BPM)
10:51:48.751,35.91,165,8,-0.26,-1.19,COGNITIVE RIGIDITY | TACHYCARDIA DETECTED (165 BPM)
10:51:48.812,36.05,165,8,-0.27,-1.18,COGNITIVE RIGIDITY | TACHYCARDIA DETECTED (165 BPM)
10:51:48.866,36.2,165,8,-0.32,-1.19,COGNITIVE RIGIDITY | TACHYCARDIA DETECTED (165 BPM)
10:51:48.924,36.36,165,8,-0.36,-1.2,COGNITIVE RIGIDITY | TACHYCARDIA DETECTED (165 BPM)
10:51:48.980,36.51,165,8,-0.38,-1.21,COGNITIVE RIGIDITY | TACHYCARDIA DETECTED (165 BPM)
10:51:49.024,36.68,165,8,-0.4,-1.23,COGNITIVE RIGIDITY | TACHYCARDIA DETECTED (165 BPM)
10:51:49.054,36.8,165,8,-0.35,-1.22,COGNITIVE RIGIDITY | TACHYCARDIA DETECTED (165 BPM)
10:51:49.084,36.89,165,8,-0.32,-1.22,COGNITIVE RIGIDITY | TACHYCARDIA DETECTED (165 BPM)
10:51:49.114,36.97,165,8,-0.32,-1.22,COGNITIVE RIGIDITY | TACHYCARDIA DETECTED (165 BPM)
10:51:49.146,36.99,165,8,-0.25,-1.18,COGNITIVE RIGIDITY | TACHYCARDIA DETECTED (165 BPM)
10:51:49.200,36.96,164,8,-0.2,-1.15,COGNITIVE RIGIDITY | TACHYCARDIA DETECTED (164 BPM)
10:51:49.249,36.92,164,8,-0.17,-1.13,COGNITIVE RIGIDITY | TACHYCARDIA DETECTED (164 BPM)
10:51:49.315,36.85,164,8,-0.13,-1.13,COGNITIVE RIGIDITY | TACHYCARDIA DETECTED (164 BPM)
10:51:49.375,36.78,164,8,-0.08,-1.14,COGNITIVE RIGIDITY | TACHYCARDIA DETECTED (164 BPM)
10:51:49.427,36.7,164,8,-0.04,-1.15,COGNITIVE RIGIDITY | TACHYCARDIA DETECTED (164 BPM)
10:51:49.468,36.61,164,7,-0.01,-1.16,COGNITIVE RIGIDITY | TACHYCARDIA DETECTED (164 BPM)
10:51:49.499,36.52,164,7,0.03,-1.18,COGNITIVE RIGIDITY | TACHYCARDIA DETECTED (164 BPM)
10:51:49.520,36.46,164,7,0.0,-1.18,COGNITIVE RIGIDITY | TACHYCARDIA DETECTED (164 BPM)
10:51:49.545,36.43,164,7,-0.07,-1.16,COGNITIVE RIGIDITY | TACHYCARDIA DETECTED (164 BPM)
10:51:49.584,36.39,164,7,-0.12,-1.1,COGNITIVE RIGIDITY | TACHYCARDIA DETECTED (164 BPM)
10:51:49.624,36.4,164,7,-0.22,-1.06,COGNITIVE RIGIDITY | TACHYCARDIA DETECTED (164 BPM)
10:51:49.660,36.43,164,7,-0.31,-1.04,COGNITIVE RIGIDITY | TACHYCARDIA DETECTED (164 BPM)
10:51:49.698,36.49,164,7,-0.37,-1.03,COGNITIVE RIGIDITY | TACHYCARDIA DETECTED (164 BPM)
10:51:49.739,36.57,161,7,-0.42,-1.03,COGNITIVE RIGIDITY | TACHYCARDIA DETECTED (161 BPM)
10:51:49.778,36.65,161,7,-0.46,-1.02,COGNITIVE RIGIDITY | TACHYCARDIA DETECTED (161 BPM)
10:51:49.813,36.76,161,7,-0.49,-1.06,COGNITIVE RIGIDITY | TACHYCARDIA DETECTED (161 BPM)
10:51:49.846,36.89,161,7,-0.53,-1.09,COGNITIVE RIGIDITY | TACHYCARDIA DETECTED (161 BPM)
10:51:49.872,37.04,161,7,-0.57,-1.1,COGNITIVE RIGIDITY | TACHYCARDIA DETECTED (161 BPM)
10:51:49.902,37.17,161,7,-0.52,-1.16,COGNITIVE RIGIDITY | TACHYCARDIA DETECTED (161 BPM)
10:51:49.929,37.28,161,15,-0.44,-1.21,COGNITIVE RIGIDITY | TACHYCARDIA DETECTED (161 BPM)
10:51:49.951,37.34,161,14,-0.31,-1.26,COGNITIVE RIGIDITY | TACHYCARDIA DETECTED (161 BPM)
10:51:49.994,37.36,161,14,-0.21,-1.3,COGNITIVE RIGIDITY | TACHYCARDIA DETECTED (161 BPM)
10:51:50.032,37.32,161,14,-0.07,-1.33,COGNITIVE RIGIDITY | TACHYCARDIA DETECTED (161 BPM)
10:51:50.065,37.25,161,14,0.02,-1.36,COGNITIVE RIGIDITY | TACHYCARDIA DETECTED (161 BPM)
10:51:50.091,37.16,161,14,0.12,-1.37,COGNITIVE RIGIDITY | TACHYCARDIA DETECTED (161 BPM)
10:51:50.119,37.04,161,14,0.18,-1.38,COGNITIVE RIGIDITY | TACHYCARDIA DETECTED (161 BPM)
10:51:50.148,36.92,161,14,0.22,-1.38,COGNITIVE RIGIDITY | TACHYCARDIA DETECTED (161 BPM)
10:51:50.179,36.73,161,14,0.28,-1.29,COGNITIVE RIGIDITY | TACHYCARDIA DETECTED (161 BPM)
10:51:50.224,36.51,161,14,0.34,-1.24,COGNITIVE RIGIDITY | TACHYCARDIA DETECTED (161 BPM)
10:51:50.282,36.29,150,14,0.37,-1.23,COGNITIVE RIGIDITY | TACHYCARDIA DETECTED (150 BPM)
10:51:50.325,36.07,150,14,0.4,-1.23,COGNITIVE RIGIDITY | TACHYCARDIA DETECTED (150 BPM)
10:51:50.387,35.88,150,14,0.41,-1.25,COGNITIVE RIGIDITY | TACHYCARDIA DETECTED (150 BPM)
10:51:50.432,35.7,150,14,0.42,-1.22,COGNITIVE RIGIDITY | TACHYCARDIA DETECTED (150 BPM)
10:51:50.489,35.38,150,14,0.44,-0.94,COGNITIVE RIGIDITY | TACHYCARDIA DETECTED (150 BPM)
10:51:50.513,34.88,150,13,0.48,-0.57,COGNITIVE RIGIDITY | TACHYCARDIA DETECTED (150 BPM)
10:51:50.538,34.31,150,13,0.53,-0.37,COGNITIVE RIGIDITY | TACHYCARDIA DETECTED (150 BPM)
10:51:50.562,33.71,150,13,0.57,-0.23,COGNITIVE RIGIDITY | TACHYCARDIA DETECTED (150 BPM)
10:51:50.588,32.98,150,13,0.61,0.12,COGNITIVE RIGIDITY | TACHYCARDIA DETECTED (150 BPM)
10:51:50.617,32.06,150,13,0.67,0.56,COGNITIVE RIGIDITY | TACHYCARDIA DETECTED (150 BPM)
10:51:50.641,31.06,150,13,0.72,0.87,COGNITIVE RIGIDITY | TACHYCARDIA DETECTED (150 BPM)
10:51:50.669,30.04,150,13,0.77,1.05,COGNITIVE RIGIDITY | TACHYCARDIA DETECTED (150 BPM)
10:51:50.697,29.23,150,13,0.74,0.87,COGNITIVE RIGIDITY | TACHYCARDIA DETECTED (150 BPM)
10:51:50.720,28.57,150,13,0.72,0.75,COGNITIVE RIGIDITY | TACHYCARDIA DETECTED (150 BPM)
10:51:50.752,28.43,150,13,0.46,0.1,COGNITIVE RIGIDITY | TACHYCARDIA DETECTED (150 BPM)
10:51:50.781,28.69,150,13,0.2,-0.4,COGNITIVE RIGIDITY | TACHYCARDIA DETECTED (150 BPM)
10:51:50.806,29.22,150,13,-0.05,-0.76,COGNITIVE RIGIDITY | TACHYCARDIA DETECTED (150 BPM)
10:51:50.835,29.91,150,13,-0.22,-1.0,COGNITIVE RIGIDITY | TACHYCARDIA DETECTED (150 BPM)
10:51:50.862,30.67,150,13,-0.37,-1.14,COGNITIVE RIGIDITY | TACHYCARDIA DETECTED (150 BPM)
10:51:50.893,31.48,150,13,-0.47,-1.28,COGNITIVE RIGIDITY | TACHYCARDIA DETECTED (150 BPM)
10:51:50.917,32.18,150,13,-0.55,-1.15,COGNITIVE RIGIDITY | TACHYCARDIA DETECTED (150 BPM)
10:51:50.950,32.51,150,13,-0.6,-0.5,COGNITIVE RIGIDITY | TACHYCARDIA DETECTED (150 BPM)
10:51:50.980,32.76,150,13,-0.62,-0.38,COGNITIVE RIGIDITY | TACHYCARDIA DETECTED (150 BPM)
10:51:51.012,32.77,150,13,-0.6,0.03,COGNITIVE RIGIDITY | TACHYCARDIA DETECTED (150 BPM)
10:51:51.045,32.62,150,13,-0.56,0.31,COGNITIVE RIGIDITY | TACHYCARDIA DETECTED (150 BPM)
10:51:51.078,32.45,150,13,-0.55,0.37,COGNITIVE RIGIDITY | TACHYCARDIA DETECTED (150 BPM)
10:51:51.111,32.39,150,13,-0.58,0.2,COGNITIVE RIGIDITY | TACHYCARDIA DETECTED (150 BPM)
10:51:51.145,32.52,150,13,-0.59,-0.15,COGNITIVE RIGIDITY | TACHYCARDIA DETECTED (150 BPM)
10:51:51.192,32.62,150,12,-0.46,-0.25,COGNITIVE RIGIDITY | TACHYCARDIA DETECTED (150 BPM)
10:51:51.234,32.41,150,12,-0.25,0.16,COGNITIVE RIGIDITY | TACHYCARDIA DETECTED (150 BPM)
10:51:51.272,31.79,150,12,-0.14,0.9,COGNITIVE RIGIDITY | TACHYCARDIA DETECTED (150 BPM)
10:51:51.302,30.93,150,12,-0.05,1.41,COGNITIVE RIGIDITY | TACHYCARDIA DETECTED (150 BPM)
10:51:51.340,29.85,150,12,0.07,1.89,COGNITIVE RIGIDITY | TACHYCARDIA DETECTED (150 BPM)
10:51:51.370,28.6,150,12,0.17,2.37,COGNITIVE RIGIDITY | TACHYCARDIA DETECTED (150 BPM)
10:51:51.393,27.35,150,12,0.27,2.51,COGNITIVE RIGIDITY | TACHYCARDIA DETECTED (150 BPM)
10:51:51.414,26.14,150,12,0.34,2.61,COGNITIVE RIGIDITY | TACHYCARDIA DETECTED (150 BPM)
10:51:51.448,25.43,150,12,0.35,1.83,COGNITIVE RIGIDITY | TACHYCARDIA DETECTED (150 BPM)
10:51:51.478,25.28,150,12,0.26,0.95,COGNITIVE RIGIDITY | TACHYCARDIA DETECTED (150 BPM)
10:51:51.509,25.55,150,12,0.18,0.23,COGNITIVE RIGIDITY | TACHYCARDIA DETECTED (150 BPM)
10:51:51.541,26.07,150,12,0.13,-0.29,COGNITIVE RIGIDITY | TACHYCARDIA DETECTED (150 BPM)
10:51:51.604,26.75,150,12,0.06,-0.63,COGNITIVE RIGIDITY | TACHYCARDIA DETECTED (150 BPM)
10:51:51.657,27.5,150,12,0.01,-0.87,COGNITIVE RIGIDITY | TACHYCARDIA DETECTED (150 BPM)
10:51:51.702,28.17,150,12,0.11,-0.94,COGNITIVE RIGIDITY | TACHYCARDIA DETECTED (150 BPM)
10:51:51.760,28.47,150,12,0.15,-0.38,COGNITIVE RIGIDITY | TACHYCARDIA DETECTED (150 BPM)
10:51:51.788,28.52,150,12,0.2,0.01,COGNITIVE RIGIDITY | TACHYCARDIA DETECTED (150 BPM)
10:51:51.821,26.51,97,12,0.21,0.1,COGNITIVE RIGIDITY
10:51:51.851,24.68,97,12,0.21,0.16,COGNITIVE RIGIDITY
10:51:51.885,22.99,97,12,0.29,0.15,COGNITIVE RIGIDITY
10:51:51.915,21.38,97,12,0.37,0.25,COGNITIVE RIGIDITY
10:51:51.943,19.86,97,11,0.45,0.32,COGNITIVE RIGIDITY
10:51:51.979,18.42,97,11,0.53,0.37,COGNITIVE RIGIDITY
10:51:52.002,17.09,97,11,0.59,0.4,COGNITIVE RIGIDITY
10:51:52.036,15.87,97,11,0.63,0.39,COGNITIVE RIGIDITY
10:51:52.065,14.79,97,11,0.62,0.37,COGNITIVE RIGIDITY
10:51:52.093,13.76,97,11,0.6,0.5,COGNITIVE RIGIDITY
10:51:52.120,12.85,97,11,0.57,0.49,COGNITIVE RIGIDITY
10:51:52.152,12.05,97,11,0.58,0.46,COGNITIVE RIGIDITY
10:51:52.180,11.34,97,11,0.58,0.43,COGNITIVE RIGIDITY
10:51:52.206,10.6,97,11,0.62,0.61,COGNITIVE RIGIDITY
10:51:52.239,9.99,97,17,0.66,0.42,COGNITIVE RIGIDITY
10:51:52.269,9.66,97,17,0.66,0.01,COGNITIVE RIGIDITY
10:51:52.296,9.51,97,17,0.65,-0.28,COGNITIVE RIGIDITY
10:51:52.321,9.59,97,17,0.46,-0.52,COGNITIVE RIGIDITY
10:51:52.349,9.82,98,17,0.32,-0.68,COGNITIVE RIGIDITY
10:51:52.393,9.82,98,17,0.42,-0.39,COGNITIVE RIGIDITY
10:51:52.444,9.68,98,17,0.49,-0.18,COGNITIVE RIGIDITY
10:51:52.504,9.43,98,17,0.64,-0.07,COGNITIVE RIGIDITY
10:51:52.554,9.14,98,16,0.71,-0.03,COGNITIVE RIGIDITY
10:51:52.589,9.0,98,16,0.71,-0.25,COGNITIVE RIGIDITY
10:51:52.620,9.04,98,16,0.69,-0.58,COGNITIVE RIGIDITY
10:51:52.649,9.2,98,16,0.68,-0.8,COGNITIVE RIGIDITY
10:51:52.681,9.46,98,16,0.67,-1.02,COGNITIVE RIGIDITY
10:51:52.711,9.79,98,16,0.64,-1.2,COGNITIVE RIGIDITY
10:51:52.742,10.17,98,16,0.59,-1.31,COGNITIVE RIGIDITY
10:51:52.768,10.58,98,16,0.55,-1.4,COGNITIVE RIGIDITY
10:51:52.792,10.99,98,16,0.51,-1.45,COGNITIVE RIGIDITY
10:51:52.819,11.4,98,16,0.47,-1.48,COGNITIVE RIGIDITY
10:51:52.843,11.8,98,16,0.42,-1.5,COGNITIVE RIGIDITY
10:51:52.867,12.14,98,16,0.4,-1.45,COGNITIVE RIGIDITY
10:51:52.894,12.44,98,16,0.4,-1.42,COGNITIVE RIGIDITY
10:51:52.920,12.57,98,16,0.41,-1.16,COGNITIVE RIGIDITY
10:51:52.950,12.52,98,16,0.43,-0.86,COGNITIVE RIGIDITY
10:51:52.989,12.29,98,16,0.45,-0.48,COGNITIVE RIGIDITY
10:51:53.035,11.94,98,16,0.46,-0.22,COGNITIVE RIGIDITY
10:51:53.088,11.65,98,16,0.5,-0.32,COGNITIVE RIGIDITY
10:51:53.119,11.52,98,16,0.52,-0.59,COGNITIVE RIGIDITY
10:51:53.149,11.49,98,16,0.53,-0.78,COGNITIVE RIGIDITY
10:51:53.181,11.58,98,16,0.5,-0.98,COGNITIVE RIGIDITY
10:51:53.212,11.71,98,15,0.51,-1.09,COGNITIVE RIGIDITY
10:51:53.242,11.87,98,15,0.51,-1.16,COGNITIVE RIGIDITY
10:51:53.278,12.01,98,15,0.49,-1.16,COGNITIVE RIGIDITY
10:51:53.311,12.17,98,15,0.45,-1.15,COGNITIVE RIGIDITY
10:51:53.347,12.32,98,15,0.42,-1.15,COGNITIVE RIGIDITY
10:51:53.377,12.36,57,15,0.42,-0.97,COGNITIVE RIGIDITY
10:51:53.406,12.33,57,15,0.43,-0.84,COGNITIVE RIGIDITY
10:51:53.439,12.25,57,15,0.42,-0.74,COGNITIVE RIGIDITY
10:51:53.470,12.1,57,15,0.42,-0.55,COGNITIVE RIGIDITY
10:51:53.502,11.89,57,15,0.41,-0.42,COGNITIVE RIGIDITY
10:51:53.534,11.63,57,15,0.41,-0.28,COGNITIVE RIGIDITY
10:51:53.562,11.35,57,15,0.41,-0.18,COGNITIVE RIGIDITY
10:51:53.596,11.09,57,15,0.39,-0.13,COGNITIVE RIGIDITY
10:51:53.630,10.87,57,15,0.31,-0.11,COGNITIVE RIGIDITY
10:51:53.661,10.7,57,15,0.26,-0.09,COGNITIVE RIGIDITY
10:51:53.691,10.57,57,15,0.21,-0.09,COGNITIVE RIGIDITY
10:51:53.725,10.53,57,15,0.14,-0.17,COGNITIVE RIGIDITY
10:51:53.755,10.55,57,15,0.08,-0.22,COGNITIVE RIGIDITY
10:51:53.789,10.63,57,15,0.04,-0.32,COGNITIVE RIGIDITY
10:51:53.822,10.71,57,15,0.03,-0.32,COGNITIVE RIGIDITY
10:51:53.860,10.78,57,15,0.02,-0.32,COGNITIVE RIGIDITY
10:51:53.890,10.83,98,15,-0.01,-0.23,COGNITIVE RIGIDITY
10:51:53.919,10.83,98,15,-0.02,-0.15,COGNITIVE RIGIDITY
10:51:53.953,10.93,98,14,-0.06,-0.3,COGNITIVE RIGIDITY
10:51:53.994,11.13,98,14,-0.1,-0.5,COGNITIVE RIGIDITY
10:51:54.033,11.4,98,14,-0.12,-0.64,COGNITIVE RIGIDITY
10:51:54.072,11.77,98,14,-0.25,-0.78,COGNITIVE RIGIDITY
10:51:54.103,12.2,98,14,-0.33,-0.87,COGNITIVE RIGIDITY
10:51:54.136,12.68,98,14,-0.43,-0.97,COGNITIVE RIGIDITY
10:51:54.162,13.2,98,14,-0.55,-1.04,COGNITIVE RIGIDITY
10:51:54.188,13.79,98,14,-0.73,-1.09,COGNITIVE RIGIDITY
10:51:54.217,14.42,98,14,-0.88,-1.13,COGNITIVE RIGIDITY
10:51:54.246,15.03,98,14,-0.95,-1.15,COGNITIVE RIGIDITY
10:51:54.277,15.61,98,14,-1.0,-1.17,COGNITIVE RIGIDITY
10:51:54.311,16.17,98,14,-1.05,-1.19,COGNITIVE RIGIDITY
10:51:54.339,16.68,98,14,-1.06,-1.21,COGNITIVE RIGIDITY
10:51:54.405,17.16,99,14,-1.06,-1.22,COGNITIVE RIGIDITY
10:51:54.458,17.59,99,14,-1.06,-1.23,COGNITIVE RIGIDITY
10:51:54.519,18.01,99,14,-1.08,-1.28,COGNITIVE RIGIDITY
10:51:54.561,18.42,99,14,-1.1,-1.31,COGNITIVE RIGIDITY
10:51:54.594,18.8,99,14,-1.12,-1.33,COGNITIVE RIGIDITY
10:51:54.620,19.16,99,14,-1.14,-1.33,COGNITIVE RIGIDITY
10:51:54.650,19.48,99,14,-1.13,-1.34,COGNITIVE RIGIDITY
10:51:54.678,19.76,99,14,-1.12,-1.34,COGNITIVE RIGIDITY
10:51:54.704,20.01,99,14,-1.12,-1.34,COGNITIVE RIGIDITY
10:51:54.733,20.25,99,14,-1.13,-1.34,COGNITIVE RIGIDITY
10:51:54.761,20.47,99,14,-1.17,-1.33,COGNITIVE RIGIDITY
10:51:54.789,20.69,99,13,-1.2,-1.33,COGNITIVE RIGIDITY
10:51:54.820,20.87,99,13,-1.19,-1.31,COGNITIVE RIGIDITY
10:51:54.848,21.02,99,13,-1.19,-1.29,COGNITIVE RIGIDITY
10:51:54.880,21.1,99,13,-1.09,-1.27,COGNITIVE RIGIDITY
10:51:54.909,21.12,99,13,-1.03,-1.25,COGNITIVE RIGIDITY
10:51:54.938,21.12,99,13,-0.98,-1.24,COGNITIVE RIGIDITY
10:51:54.966,21.1,99,13,-0.95,-1.23,COGNITIVE RIGIDITY
10:51:54.993,21.06,99,13,-0.92,-1.21,COGNITIVE RIGIDITY
10:51:55.017,21.01,99,13,-0.9,-1.2,COGNITIVE RIGIDITY
10:51:55.051,20.95,99,13,-0.87,-1.21,COGNITIVE RIGIDITY
10:51:55.084,20.9,99,13,-0.88,-1.21,COGNITIVE RIGIDITY
10:51:55.116,20.87,99,13,-0.92,-1.21,COGNITIVE RIGIDITY
10:51:55.147,20.86,99,13,-0.94,-1.2,COGNITIVE RIGIDITY
10:51:55.189,20.83,99,13,-0.95,-1.16,COGNITIVE RIGIDITY
10:51:55.227,20.59,99,13,-0.92,-0.77,COGNITIVE RIGIDITY
10:51:55.260,20.16,99,13,-0.88,-0.39,COGNITIVE RIGIDITY
10:51:55.295,19.63,99,13,-0.85,-0.12,COGNITIVE RIGIDITY
10:51:55.328,19.09,99,13,-0.83,-0.0,COGNITIVE RIGIDITY
10:51:55.362,18.56,99,13,-0.8,0.03,COGNITIVE RIGIDITY
10:51:55.389,18.03,99,13,-0.74,0.1,COGNITIVE RIGIDITY
10:51:55.435,17.49,99,13,-0.72,0.19,COGNITIVE RIGIDITY
10:51:55.466,16.97,99,13,-0.71,0.25,COGNITIVE RIGIDITY
10:51:55.495,16.52,99,13,-0.68,0.2,COGNITIVE RIGIDITY
10:51:55.519,16.3,99,13,-0.68,-0.18,COGNITIVE RIGIDITY
10:51:55.547,16.32,99,13,-0.76,-0.54,COGNITIVE RIGIDITY
10:51:55.593,16.52,99,13,-0.8,-0.85,COGNITIVE RIGIDITY
10:51:55.633,16.64,99,13,-0.82,-0.74,COGNITIVE RIGIDITY
10:51:55.662,16.72,99,13,-0.8,-0.68,COGNITIVE RIGIDITY
10:51:55.685,16.76,99,13,-0.78,-0.63,COGNITIVE RIGIDITY
10:51:55.717,16.82,99,13,-0.79,-0.69,COGNITIVE RIGIDITY
10:51:55.748,16.81,99,13,-0.74,-0.6,COGNITIVE RIGIDITY
10:51:55.781,16.71,99,12,-0.73,-0.43,COGNITIVE RIGIDITY
10:51:55.810,16.6,99,12,-0.73,-0.38,COGNITIVE RIGIDITY
10:51:55.852,16.43,99,12,-0.71,-0.29,COGNITIVE RIGIDITY
10:51:55.908,16.25,99,12,-0.69,-0.22,COGNITIVE RIGIDITY
10:51:55.958,16.04,87,12,-0.68,-0.16,COGNITIVE RIGIDITY
10:51:56.009,15.82,87,12,-0.64,-0.12,COGNITIVE RIGIDITY
10:51:56.056,15.59,87,12,-0.61,-0.09,COGNITIVE RIGIDITY
10:51:56.104,15.29,87,12,-0.59,0.06,COGNITIVE RIGIDITY
10:51:56.126,14.97,87,12,-0.58,0.17,COGNITIVE RIGIDITY
10:51:56.150,14.69,87,12,-0.57,0.13,COGNITIVE RIGIDITY
10:51:56.174,14.42,87,12,-0.56,0.16,COGNITIVE RIGIDITY
10:51:56.198,14.16,87,12,-0.54,0.17,COGNITIVE RIGIDITY
10:51:56.219,13.93,87,12,-0.53,0.18,COGNITIVE RIGIDITY
10:51:56.244,13.77,87,12,-0.53,0.05,COGNITIVE RIGIDITY
10:51:56.269,13.66,87,12,-0.52,-0.02,COGNITIVE RIGIDITY
10:51:56.291,13.58,87,12,-0.51,-0.06,COGNITIVE RIGIDITY
10:51:56.314,13.57,87,12,-0.51,-0.18,COGNITIVE RIGIDITY
10:51:56.342,13.57,87,12,-0.51,-0.21,COGNITIVE RIGIDITY
10:51:56.403,13.55,87,12,-0.51,-0.16,COGNITIVE RIGIDITY
10:51:56.458,13.51,87,12,-0.51,-0.12,COGNITIVE RIGIDITY
10:51:56.515,13.53,87,12,-0.54,-0.21,COGNITIVE RIGIDITY
10:51:56.564,13.59,87,12,-0.56,-0.27,COGNITIVE RIGIDITY
10:51:56.601,13.62,87,12,-0.59,-0.18,COGNITIVE RIGIDITY
10:51:56.621,13.62,87,12,-0.61,-0.11,COGNITIVE RIGIDITY
10:51:56.646,13.61,87,12,-0.64,-0.08,COGNITIVE RIGIDITY
10:51:56.667,13.61,87,12,-0.63,-0.09,COGNITIVE RIGIDITY
10:51:56.690,13.61,87,12,-0.62,-0.1,COGNITIVE RIGIDITY
10:51:56.713,13.55,87,12,-0.61,0.01,COGNITIVE RIGIDITY
10:51:56.734,13.45,87,12,-0.6,0.08,COGNITIVE RIGIDITY
10:51:56.759,13.3,87,12,-0.6,0.22,COGNITIVE RIGIDITY
10:51:56.790,13.06,87,12,-0.59,0.4,COGNITIVE RIGIDITY
10:51:56.822,12.79,87,12,-0.59,0.53,COGNITIVE RIGIDITY
10:51:56.856,12.43,87,12,-0.58,0.73,COGNITIVE RIGIDITY
10:51:56.890,12.06,87,12,-0.57,0.83,COGNITIVE RIGIDITY
10:51:56.923,11.68,87,12,-0.56,0.89,COGNITIVE RIGIDITY
10:51:56.955,11.36,87,17,-0.53,0.84,COGNITIVE RIGIDITY
10:51:56.986,11.09,87,17,-0.51,0.77,COGNITIVE RIGIDITY
10:51:57.015,12.9,141,16,-0.54,0.71,COGNITIVE RIGIDITY | TACHYCARDIA DETECTED (141 BPM)
10:51:57.046,14.57,141,16,-0.55,0.64,COGNITIVE RIGIDITY | TACHYCARDIA DETECTED (141 BPM)
10:51:57.078,16.07,141,16,-0.54,0.61,COGNITIVE RIGIDITY | TACHYCARDIA DETECTED (141 BPM)
10:51:57.109,17.43,141,16,-0.52,0.59,COGNITIVE RIGIDITY | TACHYCARDIA DETECTED (141 BPM)
10:51:57.141,18.65,141,16,-0.5,0.57,COGNITIVE RIGIDITY | TACHYCARDIA DETECTED (141 BPM)
10:51:57.205,19.79,141,16,-0.5,0.49,COGNITIVE RIGIDITY | TACHYCARDIA DETECTED (141 BPM)
10:51:57.252,20.85,141,16,-0.49,0.43,COGNITIVE RIGIDITY | TACHYCARDIA DETECTED (141 BPM)
10:51:57.308,21.84,141,16,-0.51,0.36,COGNITIVE RIGIDITY | TACHYCARDIA DETECTED (141 BPM)
10:51:57.354,22.78,141,16,-0.51,0.27,COGNITIVE RIGIDITY | TACHYCARDIA DETECTED (141 BPM)
10:51:57.381,23.65,141,16,-0.51,0.2,COGNITIVE RIGIDITY | TACHYCARDIA DETECTED (141 BPM)
10:51:57.405,24.48,141,16,-0.5,0.13,COGNITIVE RIGIDITY | TACHYCARDIA DETECTED (141 BPM)
10:51:57.430,25.25,141,15,-0.5,0.05,COGNITIVE RIGIDITY | TACHYCARDIA DETECTED (141 BPM)
10:51:57.450,25.98,141,15,-0.5,-0.0,COGNITIVE RIGIDITY | TACHYCARDIA DETECTED (141 BPM)
10:51:57.472,26.67,141,15,-0.49,-0.09,COGNITIVE RIGIDITY | TACHYCARDIA DETECTED (141 BPM)
10:51:57.499,27.3,141,15,-0.5,-0.1,COGNITIVE RIGIDITY | TACHYCARDIA DETECTED (141 BPM)
10:51:57.521,27.87,142,15,-0.5,-0.09,COGNITIVE RIGIDITY | TACHYCARDIA DETECTED (142 BPM)
10:51:57.546,28.38,142,15,-0.5,-0.1,COGNITIVE RIGIDITY | TACHYCARDIA DETECTED (142 BPM)
10:51:57.597,28.83,142,15,-0.49,-0.08,COGNITIVE RIGIDITY | TACHYCARDIA DETECTED (142 BPM)
10:51:57.652,29.22,142,15,-0.47,-0.07,COGNITIVE RIGIDITY | TACHYCARDIA DETECTED (142 BPM)
10:51:57.700,29.51,142,15,-0.46,0.03,COGNITIVE RIGIDITY | TACHYCARDIA DETECTED (142 BPM)
10:51:57.754,29.65,142,15,-0.44,0.25,COGNITIVE RIGIDITY | TACHYCARDIA DETECTED (142 BPM)
10:51:57.804,29.71,142,15,-0.4,0.36,COGNITIVE RIGIDITY | TACHYCARDIA DETECTED (142 BPM)
10:51:57.853,29.72,142,15,-0.41,0.44,COGNITIVE RIGIDITY | TACHYCARDIA DETECTED (142 BPM)
10:51:57.883,29.79,142,15,-0.44,0.36,COGNITIVE RIGIDITY | TACHYCARDIA DETECTED (142 BPM)
10:51:57.915,29.89,142,15,-0.47,0.29,COGNITIVE RIGIDITY | TACHYCARDIA DETECTED (142 BPM)
10:51:57.947,30.02,142,14,-0.49,0.25,COGNITIVE RIGIDITY | TACHYCARDIA DETECTED (142 BPM)
10:51:57.990,30.17,142,14,-0.49,0.19,COGNITIVE RIGIDITY | TACHYCARDIA DETECTED (142 BPM)
10:51:58.024,30.32,140,14,-0.5,0.18,COGNITIVE RIGIDITY | TACHYCARDIA DETECTED (140 BPM)
10:51:58.060,30.36,140,14,-0.48,0.33,COGNITIVE RIGIDITY | TACHYCARDIA DETECTED (140 BPM)
10:51:58.096,30.33,140,14,-0.46,0.45,COGNITIVE RIGIDITY | TACHYCARDIA DETECTED (140 BPM)
10:51:58.127,30.24,140,14,-0.46,0.58,COGNITIVE RIGIDITY | TACHYCARDIA DETECTED (140 BPM)
10:51:58.161,30.15,140,14,-0.47,0.6,COGNITIVE RIGIDITY | TACHYCARDIA DETECTED (140 BPM)
10:51:58.198,30.16,140,14,-0.46,0.41,COGNITIVE RIGIDITY | TACHYCARDIA DETECTED (140 BPM)
10:51:58.235,30.23,140,14,-0.46,0.28,COGNITIVE RIGIDITY | TACHYCARDIA DETECTED (140 BPM)
10:51:58.272,30.34,140,14,-0.48,0.22,COGNITIVE RIGIDITY | TACHYCARDIA DETECTED (140 BPM)
10:51:58.302,30.4,140,14,-0.51,0.31,COGNITIVE RIGIDITY | TACHYCARDIA DETECTED (140 BPM)
10:51:58.328,30.44,140,14,-0.53,0.38,COGNITIVE RIGIDITY | TACHYCARDIA DETECTED (140 BPM)
10:51:58.358,30.45,140,14,-0.54,0.43,COGNITIVE RIGIDITY | TACHYCARDIA DETECTED (140 BPM)
10:51:58.391,30.48,140,14,-0.54,0.39,COGNITIVE RIGIDITY | TACHYCARDIA DETECTED (140 BPM)
10:51:58.425,30.5,140,14,-0.53,0.38,COGNITIVE RIGIDITY | TACHYCARDIA DETECTED (140 BPM)
10:51:58.453,30.53,140,14,-0.54,0.37,COGNITIVE RIGIDITY | TACHYCARDIA DETECTED (140 BPM)
10:51:58.487,30.59,140,14,-0.55,0.34,COGNITIVE RIGIDITY | TACHYCARDIA DETECTED (140 BPM)
10:51:58.517,30.65,140,13,-0.58,0.34,COGNITIVE RIGIDITY | TACHYCARDIA DETECTED (140 BPM)
10:51:58.548,30.77,140,13,-0.62,0.25,COGNITIVE RIGIDITY | TACHYCARDIA DETECTED (140 BPM)
10:51:58.592,30.9,140,13,-0.65,0.24,COGNITIVE RIGIDITY | TACHYCARDIA DETECTED (140 BPM)
10:51:58.654,31.04,140,13,-0.64,0.17,COGNITIVE RIGIDITY | TACHYCARDIA DETECTED (140 BPM)
10:51:58.695,31.18,140,13,-0.63,0.13,COGNITIVE RIGIDITY | TACHYCARDIA DETECTED (140 BPM)
10:51:58.726,31.28,140,13,-0.59,0.17,COGNITIVE RIGIDITY | TACHYCARDIA DETECTED (140 BPM)
10:51:58.750,31.35,140,13,-0.58,0.18,COGNITIVE RIGIDITY | TACHYCARDIA DETECTED (140 BPM)
10:51:58.777,31.41,140,13,-0.58,0.19,COGNITIVE RIGIDITY | TACHYCARDIA DETECTED (140 BPM)
10:51:58.800,31.49,140,13,-0.57,0.12,COGNITIVE RIGIDITY | TACHYCARDIA DETECTED (140 BPM)
10:51:58.829,31.59,140,13,-0.56,0.07,COGNITIVE RIGIDITY | TACHYCARDIA DETECTED (140 BPM)
10:51:58.857,31.59,140,13,-0.55,0.23,COGNITIVE RIGIDITY | TACHYCARDIA DETECTED (140 BPM)
10:51:58.889,31.41,140,13,-0.54,0.58,COGNITIVE RIGIDITY | TACHYCARDIA DETECTED (140 BPM)
10:51:58.920,31.18,140,13,-0.53,0.72,COGNITIVE RIGIDITY | TACHYCARDIA DETECTED (140 BPM)
10:51:58.950,30.93,140,13,-0.49,0.75,COGNITIVE RIGIDITY | TACHYCARDIA DETECTED (140 BPM)
10:51:58.982,30.74,140,13,-0.46,0.65,COGNITIVE RIGIDITY | TACHYCARDIA DETECTED (140 BPM)
10:51:59.014,30.67,140,13,-0.45,0.45,COGNITIVE RIGIDITY | TACHYCARDIA DETECTED (140 BPM)
10:51:59.044,30.68,140,13,-0.43,0.27,COGNITIVE RIGIDITY | TACHYCARDIA DETECTED (140 BPM)
10:51:59.077,30.76,140,13,-0.45,0.15,COGNITIVE RIGIDITY | TACHYCARDIA DETECTED (140 BPM)
10:51:59.112,30.89,140,13,-0.45,0.03,COGNITIVE RIGIDITY | TACHYCARDIA DETECTED (140 BPM)
10:51:59.147,31.1,140,13,-0.44,-0.14,COGNITIVE RIGIDITY | TACHYCARDIA DETECTED (140 BPM)
10:51:59.196,31.36,140,12,-0.43,-0.3,COGNITIVE RIGIDITY | TACHYCARDIA DETECTED (140 BPM)
10:51:59.246,31.64,140,12,-0.42,-0.41,COGNITIVE RIGIDITY | TACHYCARDIA DETECTED (140 BPM)
10:51:59.306,31.82,140,12,-0.41,-0.29,COGNITIVE RIGIDITY | TACHYCARDIA DETECTED (140 BPM)
10:51:59.351,31.99,140,12,-0.41,-0.29,COGNITIVE RIGIDITY | TACHYCARDIA DETECTED (140 BPM)
10:51:59.390,32.15,140,12,-0.43,-0.28,COGNITIVE RIGIDITY | TACHYCARDIA DETECTED (140 BPM)
10:51:59.438,32.26,140,12,-0.42,-0.24,COGNITIVE RIGIDITY | TACHYCARDIA DETECTED (140 BPM)
10:51:59.469,32.32,140,12,-0.41,-0.17,COGNITIVE RIGIDITY | TACHYCARDIA DETECTED (140 BPM)
10:51:59.510,32.36,140,12,-0.39,-0.14,COGNITIVE RIGIDITY | TACHYCARDIA DETECTED (140 BPM)
10:51:59.544,32.38,140,12,-0.35,-0.17,COGNITIVE RIGIDITY | TACHYCARDIA DETECTED (140 BPM)
10:51:59.581,32.25,140,18,0.03,-0.24,COGNITIVE RIGIDITY | TACHYCARDIA DETECTED (140 BPM)
10:51:59.616,32.08,171,18,0.29,-0.42,COGNITIVE RIGIDITY | TACHYCARDIA DETECTED (171 BPM)
10:51:59.650,31.87,171,18,0.59,-0.57,COGNITIVE RIGIDITY | TACHYCARDIA DETECTED (171 BPM)
10:51:59.681,31.62,171,18,0.8,-0.68,COGNITIVE RIGIDITY | TACHYCARDIA DETECTED (171 BPM)
10:51:59.712,31.22,171,18,1.21,-0.75,COGNITIVE RIGIDITY | TACHYCARDIA DETECTED (171 BPM)
10:51:59.738,30.75,171,18,1.5,-0.79,COGNITIVE RIGIDITY | TACHYCARDIA DETECTED (171 BPM)
10:51:59.769,30.22,171,18,1.72,-0.82,COGNITIVE RIGIDITY | TACHYCARDIA DETECTED (171 BPM)
10:51:59.800,29.69,171,18,1.83,-0.82,COGNITIVE RIGIDITY | TACHYCARDIA DETECTED (171 BPM)
10:51:59.826,29.22,171,18,1.86,-0.86,COGNITIVE RIGIDITY | TACHYCARDIA DETECTED (171 BPM)
10:51:59.851,28.81,171,18,1.88,-0.91,COGNITIVE RIGIDITY | TACHYCARDIA DETECTED (171 BPM)
10:51:59.880,28.45,171,18,1.88,-0.91,COGNITIVE RIGIDITY | TACHYCARDIA DETECTED (171 BPM)
10:51:59.907,28.12,171,18,1.88,-0.92,COGNITIVE RIGIDITY | TACHYCARDIA DETECTED (171 BPM)
10:51:59.934,27.86,171,17,1.86,-0.98,COGNITIVE RIGIDITY | TACHYCARDIA DETECTED (171 BPM)
10:51:59.959,27.66,171,17,1.83,-1.0,COGNITIVE RIGIDITY | TACHYCARDIA DETECTED (171 BPM)
10:51:59.984,27.51,171,17,1.8,-1.02,COGNITIVE RIGIDITY | TACHYCARDIA DETECTED (171 BPM)
10:52:00.005,27.38,171,17,1.77,-1.02,COGNITIVE RIGIDITY | TACHYCARDIA DETECTED (171 BPM)
10:52:00.034,27.28,171,17,1.75,-1.03,COGNITIVE RIGIDITY | TACHYCARDIA DETECTED (171 BPM)
10:52:00.060,27.23,171,17,1.7,-1.04,COGNITIVE RIGIDITY | TACHYCARDIA DETECTED (171 BPM)
10:52:00.087,27.24,171,17,1.61,-1.08,COGNITIVE RIGIDITY | TACHYCARDIA DETECTED (171 BPM)
10:52:00.115,27.28,173,17,1.54,-1.07,COGNITIVE RIGIDITY | TACHYCARDIA DETECTED (173 BPM)
10:52:00.148,27.34,173,17,1.49,-1.06,COGNITIVE RIGIDITY | TACHYCARDIA DETECTED (173 BPM)
10:52:00.182,27.39,173,17,1.45,-1.03,COGNITIVE RIGIDITY | TACHYCARDIA DETECTED (173 BPM)
10:52:00.224,27.43,173,17,1.44,-0.99,COGNITIVE RIGIDITY | TACHYCARDIA DETECTED (173 BPM)
10:52:00.254,27.46,173,17,1.42,-0.96,COGNITIVE RIGIDITY | TACHYCARDIA DETECTED (173 BPM)
10:52:00.306,27.47,173,17,1.45,-0.97,COGNITIVE RIGIDITY | TACHYCARDIA DETECTED (173 BPM)
10:52:00.338,27.48,173,17,1.46,-0.98,COGNITIVE RIGIDITY | TACHYCARDIA DETECTED (173 BPM)
10:52:00.381,27.53,173,17,1.4,-0.98,COGNITIVE RIGIDITY | TACHYCARDIA DETECTED (173 BPM)
10:52:00.412,27.6,173,17,1.36,-1.01,COGNITIVE RIGIDITY | TACHYCARDIA DETECTED (173 BPM)
10:52:00.434,27.64,173,17,1.34,-0.95,COGNITIVE RIGIDITY | TACHYCARDIA DETECTED (173 BPM)
10:52:00.459,27.67,173,17,1.32,-0.91,COGNITIVE RIGIDITY | TACHYCARDIA DETECTED (173 BPM)
10:52:00.485,27.71,173,17,1.3,-0.91,COGNITIVE RIGIDITY | TACHYCARDIA DETECTED (173 BPM)
10:52:00.514,27.78,173,16,1.27,-0.94,COGNITIVE RIGIDITY | TACHYCARDIA DETECTED (173 BPM)
10:52:00.547,27.87,173,16,1.24,-0.98,COGNITIVE RIGIDITY | TACHYCARDIA DETECTED (173 BPM)
10:52:00.584,27.96,173,16,1.23,-0.97,COGNITIVE RIGIDITY | TACHYCARDIA DETECTED (173 BPM)
10:52:00.622,28.05,173,16,1.21,-0.99,COGNITIVE RIGIDITY | TACHYCARDIA DETECTED (173 BPM)
10:52:00.660,28.14,173,16,1.2,-1.0,COGNITIVE RIGIDITY | TACHYCARDIA DETECTED (173 BPM)
10:52:00.693,28.24,173,16,1.2,-1.02,COGNITIVE RIGIDITY | TACHYCARDIA DETECTED (173 BPM)
10:52:00.731,28.33,173,16,1.2,-1.03,COGNITIVE RIGIDITY | TACHYCARDIA DETECTED (173 BPM)
10:52:00.762,28.42,173,16,1.19,-1.04,COGNITIVE RIGIDITY | TACHYCARDIA DETECTED (173 BPM)
10:52:00.798,28.45,173,16,1.19,-0.94,COGNITIVE RIGIDITY | TACHYCARDIA DETECTED (173 BPM)
10:52:00.833,28.45,173,16,1.19,-0.86,COGNITIVE RIGIDITY | TACHYCARDIA DETECTED (173 BPM)
10:52:00.869,28.45,173,16,1.18,-0.87,COGNITIVE RIGIDITY | TACHYCARDIA DETECTED (173 BPM)
10:52:00.906,28.45,173,16,1.18,-0.88,COGNITIVE RIGIDITY | TACHYCARDIA DETECTED (173 BPM)
10:52:00.943,28.38,173,16,1.19,-0.73,COGNITIVE RIGIDITY | TACHYCARDIA DETECTED (173 BPM)
10:52:00.980,28.29,173,16,1.15,-0.64,COGNITIVE RIGIDITY | TACHYCARDIA DETECTED (173 BPM)
10:52:01.016,28.19,173,16,1.12,-0.58,COGNITIVE RIGIDITY | TACHYCARDIA DETECTED (173 BPM)
10:52:01.049,28.03,173,16,1.07,-0.4,COGNITIVE RIGIDITY | TACHYCARDIA DETECTED (173 BPM)
10:52:01.084,27.85,173,16,1.04,-0.27,COGNITIVE RIGIDITY | TACHYCARDIA DETECTED (173 BPM)
10:52:01.123,27.7,173,16,0.95,-0.23,COGNITIVE RIGIDITY | TACHYCARDIA DETECTED (173 BPM)
10:52:01.155,27.61,172,16,0.9,-0.27,COGNITIVE RIGIDITY | TACHYCARDIA DETECTED (172 BPM)
10:52:01.186,27.57,172,15,0.86,-0.29,COGNITIVE RIGIDITY | TACHYCARDIA DETECTED (172 BPM)
10:52:01.218,27.46,172,15,0.82,-0.12,COGNITIVE RIGIDITY | TACHYCARDIA DETECTED (172 BPM)
10:52:01.250,27.31,172,15,0.78,0.02,COGNITIVE RIGIDITY | TACHYCARDIA DETECTED (172 BPM)
10:52:01.274,27.15,172,15,0.75,0.12,COGNITIVE RIGIDITY | TACHYCARDIA DETECTED (172 BPM)
10:52:01.301,26.91,172,15,0.72,0.33,COGNITIVE RIGIDITY | TACHYCARDIA DETECTED (172 BPM)
10:52:01.331,26.64,172,15,0.7,0.47,COGNITIVE RIGIDITY | TACHYCARDIA DETECTED (172 BPM)
10:52:01.359,26.28,172,15,0.72,0.67,COGNITIVE RIGIDITY | TACHYCARDIA DETECTED (172 BPM)
10:52:01.386,25.93,172,15,0.72,0.73,COGNITIVE RIGIDITY | TACHYCARDIA DETECTED (172 BPM)
10:52:01.417,25.57,172,15,0.69,0.83,COGNITIVE RIGIDITY | TACHYCARDIA DETECTED (172 BPM)
10:52:01.443,25.23,172,15,0.63,0.94,COGNITIVE RIGIDITY | TACHYCARDIA DETECTED (172 BPM)
10:52:01.478,24.92,172,15,0.58,0.99,COGNITIVE RIGIDITY | TACHYCARDIA DETECTED (172 BPM)
10:52:01.513,24.69,172,15,0.52,0.96,COGNITIVE RIGIDITY | TACHYCARDIA DETECTED (172 BPM)
10:52:01.550,24.52,172,15,0.51,0.9,COGNITIVE RIGIDITY | TACHYCARDIA DETECTED (172 BPM)
10:52:01.592,24.44,172,15,0.45,0.79,COGNITIVE RIGIDITY | TACHYCARDIA DETECTED (172 BPM)
10:52:01.632,24.46,172,15,0.38,0.7,COGNITIVE RIGIDITY | TACHYCARDIA DETECTED (172 BPM)
10:52:01.667,24.53,172,15,0.33,0.63,COGNITIVE RIGIDITY | TACHYCARDIA DETECTED (172 BPM)
10:52:01.698,24.56,172,15,0.31,0.72,COGNITIVE RIGIDITY | TACHYCARDIA DETECTED (172 BPM)
10:52:01.729,24.6,172,15,0.31,0.71,COGNITIVE RIGIDITY | TACHYCARDIA DETECTED (172 BPM)
10:52:01.756,24.71,172,15,0.32,0.53,COGNITIVE RIGIDITY | TACHYCARDIA DETECTED (172 BPM)
10:52:01.796,24.71,172,20,0.63,0.43,COGNITIVE RIGIDITY | TACHYCARDIA DETECTED (172 BPM)
10:52:01.826,24.6,172,20,0.89,0.38,COGNITIVE RIGIDITY | TACHYCARDIA DETECTED (172 BPM)
10:52:01.860,24.17,172,20,1.19,0.75,COGNITIVE RIGIDITY | TACHYCARDIA DETECTED (172 BPM)
10:52:01.893,23.69,172,20,1.21,0.92,COGNITIVE RIGIDITY | TACHYCARDIA DETECTED (172 BPM)
10:52:01.927,23.19,172,20,1.23,1.03,COGNITIVE RIGIDITY | TACHYCARDIA DETECTED (172 BPM)
10:52:01.956,22.73,172,19,1.2,1.09,COGNITIVE RIGIDITY | TACHYCARDIA DETECTED (172 BPM)
10:52:01.993,22.4,172,19,1.21,0.91,COGNITIVE RIGIDITY | TACHYCARDIA DETECTED (172 BPM)
10:52:02.029,22.24,172,19,1.18,0.64,COGNITIVE RIGIDITY | TACHYCARDIA DETECTED (172 BPM)
10:52:02.062,22.21,172,19,1.17,0.45,COGNITIVE RIGIDITY | TACHYCARDIA DETECTED (172 BPM)
10:52:02.093,22.16,172,19,1.26,0.39,COGNITIVE RIGIDITY | TACHYCARDIA DETECTED (172 BPM)
10:52:02.123,22.06,172,19,1.39,0.38,COGNITIVE RIGIDITY | TACHYCARDIA DETECTED (172 BPM)
10:52:02.159,21.93,172,19,1.44,0.41,COGNITIVE RIGIDITY | TACHYCARDIA DETECTED (172 BPM)
10:52:02.191,21.78,173,19,1.48,0.43,COGNITIVE RIGIDITY | TACHYCARDIA DETECTED (173 BPM)
10:52:02.227,21.86,173,19,1.33,0.16,COGNITIVE RIGIDITY | TACHYCARDIA DETECTED (173 BPM)
10:52:02.291,22.19,173,19,1.17,-0.2,COGNITIVE RIGIDITY | TACHYCARDIA DETECTED (173 BPM)
10:52:02.350,22.61,173,19,1.26,-0.53,COGNITIVE RIGIDITY | TACHYCARDIA DETECTED (173 BPM)
10:52:02.384,23.13,173,19,1.22,-0.79,COGNITIVE RIGIDITY | TACHYCARDIA DETECTED (173 BPM)
10:52:02.415,23.71,173,19,1.18,-0.97,COGNITIVE RIGIDITY | TACHYCARDIA DETECTED (173 BPM)
10:52:02.450,24.22,173,19,1.34,-1.1,COGNITIVE RIGIDITY | TACHYCARDIA DETECTED (173 BPM)
10:52:02.483,24.67,173,19,1.45,-1.19,COGNITIVE RIGIDITY | TACHYCARDIA DETECTED (173 BPM)
10:52:02.522,24.98,173,19,1.69,-1.26,COGNITIVE RIGIDITY | TACHYCARDIA DETECTED (173 BPM)
10:52:02.559,25.13,173,19,2.04,-1.33,COGNITIVE RIGIDITY | TACHYCARDIA DETECTED (173 BPM)
10:52:02.583,25.16,173,18,2.29,-1.38,COGNITIVE RIGIDITY | TACHYCARDIA DETECTED (173 BPM)
10:52:02.619,24.68,173,18,2.47,-0.54,COGNITIVE RIGIDITY | TACHYCARDIA DETECTED (173 BPM)
10:52:02.652,23.65,173,18,2.57,0.56,COGNITIVE RIGIDITY | TACHYCARDIA DETECTED (173 BPM)
10:52:02.682,22.29,173,18,2.6,1.4,COGNITIVE RIGIDITY | TACHYCARDIA DETECTED (173 BPM)
10:52:02.713,18.86,53,18,2.76,1.63,COGNITIVE RIGIDITY
10:52:02.741,15.78,53,18,2.89,1.5,COGNITIVE RIGIDITY
10:52:02.766,13.01,53,18,2.98,1.41,COGNITIVE RIGIDITY
10:52:02.800,10.83,53,18,2.9,0.85,COGNITIVE RIGIDITY
10:52:02.831,9.22,53,18,2.79,0.27,COGNITIVE RIGIDITY
10:52:02.859,8.0,53,18,2.72,-0.14,COGNITIVE RIGIDITY
10:52:02.891,7.12,53,18,2.57,-0.41,COGNITIVE RIGIDITY
10:52:02.923,6.35,53,18,2.5,-0.39,COGNITIVE RIGIDITY
10:52:02.951,5.67,53,18,2.46,-0.37,COGNITIVE RIGIDITY
10:52:02.979,5.02,53,18,2.45,-0.29,COGNITIVE RIGIDITY
10:52:03.004,4.34,53,18,2.53,-0.16,COGNITIVE RIGIDITY
10:52:03.031,3.48,53,18,2.67,0.18,COGNITIVE RIGIDITY
10:52:03.061,2.54,53,18,2.76,0.42,COGNITIVE RIGIDITY
10:52:03.088,1.49,53,18,2.8,0.79,COGNITIVE RIGIDITY
10:52:03.113,0.5,53,18,2.71,0.97,COGNITIVE RIGIDITY
10:52:03.145,-0.41,53,22,2.82,0.9,COGNITIVE RIGIDITY
10:52:03.188,-1.1,53,22,2.8,0.66,COGNITIVE RIGIDITY
10:52:03.220,-1.55,53,22,2.68,0.44,COGNITIVE RIGIDITY
10:52:03.252,-1.73,53,22,2.51,0.15,COGNITIVE RIGIDITY
10:52:03.285,-1.68,53,22,2.39,-0.15,COGNITIVE RIGIDITY
10:52:03.315,-1.46,53,22,2.3,-0.41,COGNITIVE RIGIDITY
10:52:03.347,-1.09,53,22,2.15,-0.6,COGNITIVE RIGIDITY
10:52:03.380,-0.62,53,22,2.04,-0.77,COGNITIVE RIGIDITY
10:52:03.412,-0.13,53,22,2.0,-0.84,COGNITIVE RIGIDITY
10:52:03.444,0.4,53,22,1.89,-0.93,COGNITIVE RIGIDITY
